HOTELID,NAME,CITY,COUNTRY
1,,data,beijing
2,,data,chicago
3,,data,las-vegas
4,,data,london
5,,data,montreal
6,,data,new-delhi
7,,data,new-york-city
8,,data,san-francisco
9,,data,shanghai
10,aloft-beijing-haidian,beijing,china
11,ascott-beijing,beijing,china
12,autumn-garden-courtyard-hotel,beijing,china
13,bamboo-garden-hotel,beijing,china
14,beijing-century-towers,beijing,china
15,beijing-dong-fang-hotel,beijing,china
16,beijing-far-east-international-youth-hostel,beijing,china
17,beijing-friendship-hotel-grand-building,beijing,china
18,beijing-guangming-hotel,beijing,china
19,beijing-hotel,beijing,china
20,beijing-international-hotel,beijing,china
21,beijing-jade-international-youth-hostel,beijing,china
22,beijing-sihe-courtyard-hotel,beijing,china
23,bohao-radegast-hotel-beijing,beijing,china
24,capital-hotel-beijing,beijing,china
25,china-world-hotel,beijing,china
26,city-hotel-beijing,beijing,china
27,commune-by-the-great-wall-kempinski,beijing,china
28,courtyard-7,beijing,china
29,courtyard-by-marriott,beijing,china
30,courtyard-by-marriott-beijing-northeast,beijing,china
31,crowne-plaza-hotel-beijing,beijing,china
32,crowne-plaza-hotel-zhongguancun,beijing,china
33,crowne-plaza-international-airport-hotel-beijing,beijing,china
34,crowne-plaza-park-view-wuzhou,beijing,china
35,crowne-plaza-sun-palace-beijing,beijing,china
36,days-inn-forbidden-city-beijing,beijing,china
37,days-inn-joiest-beijing,beijing,china
38,doubletree-by-hilton-beijing,beijing,china
39,double-happiness-courtyard-hotel,beijing,china
40,empark-grand-hotel,beijing,china
41,fujian-hotel,beijing,china
42,gloria-plaza-hotel-beijing,beijing,china
43,grand-hotel-beijing,beijing,china
44,grand-hyatt-beijing,beijing,china
45,grand-mercure-hotel-xidan,beijing,china
46,grand-millennium-beijing,beijing,china
47,grand-view-garden-hotel,beijing,china
48,guangzhou-hotel,beijing,china
49,harmony-hotel,beijing,china
50,hebei-hotel-beijing,beijing,china
51,hilton-beijing,beijing,china
52,hilton-beijing-wangfujing,beijing,china
53,holiday-inn-beijing-lido,beijing,china
54,holiday-inn-central-plaza,beijing,china
55,holiday-inn-chang-an-west,beijing,china
56,holiday-inn-downtown-beijing,beijing,china
57,holiday-inn-express-beijing-minzuyuan,beijing,china
58,holiday-inn-express-beijing-temple-of-heaven,beijing,china
59,holiday-inn-express-beijing-wangjing,beijing,china
60,holiday-inn-temple-of-heaven,beijing,china
61,hollyear-hotel-beijing,beijing,china
62,hotel-cote-cour-beijing,beijing,china
63,hotel-g,beijing,china
64,hotel-ibis-beijing-sanyuan,beijing,china
65,hotel-kunlun,beijing,china
66,hotel-new-otani-chang-fu-gong,beijing,china
67,howard-johnson-paragon,beijing,china
68,huadu-hotel,beijing,china
69,hwa-apartment-hotel,beijing,china
70,intercontinental-beijing-beichen,beijing,china
71,intercontinental-financial-street-beijing,beijing,china
72,jade-garden-hotel,beijing,china
73,jianguo-hotel-qianmen-beijing,beijing,china
74,jian-guo-hotel,beijing,china
75,jinqiao-international-apartment-hotel,beijing,china
76,joy-city-hotel,beijing,china
77,jw-marriott-hotel-beijing,beijing,china
78,kapok-hotel,beijing,china
79,kellys-courtyard,beijing,china
80,kempinski-hotel-beijing-lufthansa-center,beijing,china
81,kuntai-royal-hotel,beijing,china
82,lee-garden-service-apartment-beijing,beijing,china
83,legendale-hotel-beijing,beijing,china
84,loong-palace-hotel-resort,beijing,china
85,luxury-serviced-residence,beijing,china
86,marco-polo-parkside-hotel,beijing,china
87,marriott-beijing-hotel-west,beijing,china
88,marriott-executive-apartments-sandalwood,beijing,china
89,marriott-hotel-beijing-city-wall,beijing,china
90,mercure-wanshang-beijing,beijing,china
91,michael-s-house-in-beijing,beijing,china
92,motel-268-beijing-wangfujing,beijing,china
93,new-world-hotel-jing-guang,beijing,china
94,nikko-new-century-beijing-hotel,beijing,china
95,novotel-peace-hotel,beijing,china
96,novotel-xinqiao-beijing,beijing,china
97,oakwood-residence-beijing,beijing,china
98,orange-hotel-beijing-asia-games-village,beijing,china
99,oriental-bay-international-hotel,beijing,china
100,oriental-culture-hotel,beijing,china
101,oriental-garden-hotel,beijing,china
102,palm-springs-beijing-marriott-executive-apartments,beijing,china
103,park-hyatt-beijing,beijing,china
104,park-plaza-beijing-wangfujing,beijing,china
105,peixin-hotel-beijing,beijing,china
106,plaza-hotel-beijing,beijing,china
107,prime-hotel,beijing,china
108,pullman-beijing-west-wanda,beijing,china
109,qianyuan-international-business-hotel,beijing,china
110,raffles-beijing-hotel,beijing,china
111,renaissance-beijing-capital-hotel,beijing,china
112,renaissance-beijing-hotel,beijing,china
113,shangri-la-hotel-beijing,beijing,china
114,shangri-la-kerry-centre-hotel,beijing,china
115,shatan-hotel,beijing,china
116,sofitel-wanda-beijing,beijing,china
117,soluxe-sunshine-courtyard-hotel,beijing,china
118,somerset-zhongguancun,beijing,china
119,spring-garden-courtyard-hotel,beijing,china
120,sunworld-hotel-beijing,beijing,china
121,swissotel-beijing,beijing,china
122,templeside-deluxe-hutong-house-hotel,beijing,china
123,the-aman-at-summer-palace,beijing,china
124,the-emperor,beijing,china
125,the-opposite-house,beijing,china
126,the-peninsula-beijing,beijing,china
127,the-regent-beijing,beijing,china
128,the-ritz-carlton-beijing-financial-street,beijing,china
129,the-ritz-carlton-huamao-center,beijing,china
130,the-st-regis-beijing,beijing,china
131,the-westin-beijing-chaoyang,beijing,china
132,the-westin-beijing-financial-street,beijing,china
133,tianlun-dynasty-hotel,beijing,china
134,tianrui-beijing,beijing,china
135,tiantan-hotel,beijing,china
136,traders-hotel,beijing,china
137,traders-upper-east-hotel,beijing,china
138,wangfujing-grand-hotel,beijing,china
139,xinhai-jinjiang-hotel,beijing,china
140,xinyuan-inn,beijing,china
141,xixi-friendship-hotel,beijing,china
142,xiyuan-hotel,beijing,china
143,xi-jiao-hotel-beijing,beijing,china
144,yi-hai-business-hotel,beijing,china
145,zhong-an-inn-zhong-an-hotel,beijing,china
146,abbott-hotel,chicago,usa
147,affinia-chicago,chicago,usa
148,allerton-hotel,chicago,usa
149,amalfi-hotel-chicago,chicago,usa
150,ambassador-east-hotel,chicago,usa
151,amber-inn,chicago,usa
152,avenue-hotel-chicago,chicago,usa
153,belair-hotel,chicago,usa
154,belden-stratford-hotel,chicago,usa
155,bellwood-hotel,chicago,usa
156,best-western-grant-park-hotel,chicago,usa
157,best-western-hawthorne-terrace,chicago,usa
158,best-western-river-north-chicago-downtown-hotel,chicago,usa
159,buckingham-athletic-club,chicago,usa
160,carlton-inn-midway,chicago,usa
161,central-loop-hotel,chicago,usa
162,chateau-hotel,chicago,usa
163,chicago-lodge,chicago,usa
164,chicago-marriott-at-medical-district-uic,chicago,usa
165,chicago-marriott-o-hare,chicago,usa
166,chicago-o-hare-garden-hotel,chicago,usa
167,chicago-south-loop-hotel,chicago,usa
168,chicago-s-essex-inn,chicago,usa
169,chinatown-hotel,chicago,usa
170,city-suites-hotel,chicago,usa
171,club-quarters-chicago-central-loop,chicago,usa
172,club-quarters-chicago-wacker-at-michigan,chicago,usa
173,comfort-inn-suites-downtown,chicago,usa
174,comfort-suites,chicago,usa
175,congress-plaza-hotel,chicago,usa
176,conrad-chicago,chicago,usa
177,courtyard-by-marriott-chicago-downtown,chicago,usa
178,courtyard-by-marriott-chicago-downtown-magnificent-mile,chicago,usa
179,courtyard-chicago-midway-airport,chicago,usa
180,crowne-plaza-chicago-the-metro,chicago,usa
181,dana-hotel-spa,chicago,usa
182,days-inn-chicago,chicago,usa
183,delaware-towers,chicago,usa
184,doubletree-hotel-chicago-magnificent-mile,chicago,usa
185,embassy-suites-hotel-chicago-downtown,chicago,usa
186,embassy-suites-hotel-chicago-downtown-lakefront,chicago,usa
187,extended-stay-america-chicago-skokie,chicago,usa
188,fairfield-inn-chicago-midway-airport,chicago,usa
189,fairfield-inn-suites-chicago-downtown,chicago,usa
190,fairmont-chicago-millennium-park,chicago,usa
191,four-points-by-sheraton-chicago-downtown-magnificent-mile,chicago,usa
192,four-points-by-sheraton-chicago-midway-airport,chicago,usa
193,four-points-by-sheraton-chicago-o-hare-airport,chicago,usa
194,four-seasons-hotel-chicago,chicago,usa
195,habitat-corporate-suites-at-presidential-towers,chicago,usa
196,hampton-inn-and-suites-chicago-downtown,chicago,usa
197,hampton-inn-majestic-chicago,chicago,usa
198,hard-rock-hotel-chicago,chicago,usa
199,heart-o-chicago-motel,chicago,usa
200,hilton-chicago,chicago,usa
201,hilton-chicago-o-hare-airport,chicago,usa
202,hilton-garden-inn-chicago-downtown-magnificent-mile,chicago,usa
203,hilton-suites-chicago-magnificent-mile,chicago,usa
204,holiday-inn-chicago-mart-plaza,chicago,usa
205,holiday-inn-chicago-midway-airport,chicago,usa
206,holiday-inn-chicago-o-hare,chicago,usa
207,holiday-inn-express-chicago-midway-airport,chicago,usa
208,holiday-inn-hotel-suites-downtown,chicago,usa
209,homewood-suites-by-hilton-chicago-downtown,chicago,usa
210,hotel-71,chicago,usa
211,hotel-allegro-chicago-a-kimpton-hotel,chicago,usa
212,hotel-blake,chicago,usa
213,hotel-burnham-a-kimpton-hotel,chicago,usa
214,hotel-cass-holiday-inn-express,chicago,usa
215,hotel-felix,chicago,usa
216,hotel-indigo-chicago-downtown-gold-coast,chicago,usa
217,hotel-monaco-chicago-a-kimpton-hotel,chicago,usa
218,hotel-sax-chicago,chicago,usa
219,howard-johnson-inn-downtown-chicago,chicago,usa
220,hyatt-regency-chicago,chicago,usa
221,hyatt-regency-mccormick-place,chicago,usa
222,inn-at-lincoln-park,chicago,usa
223,inn-of-chicago-magnificent-mile,chicago,usa
224,intercontinental-chicago,chicago,usa
225,james-chicago,chicago,usa
226,la-quinta-inn-suites-chicago-downtown,chicago,usa
227,la-quinta-inn-suites-chicago-northshore,chicago,usa
228,majestic-hotel,chicago,usa
229,marriott-chicago-downtown-magnificent-mile,chicago,usa
230,marriott-chicago-midway,chicago,usa
231,midway-inn,chicago,usa
232,millennium-knickerbocker-hotel-chicago,chicago,usa
233,milshire-hotel,chicago,usa
234,oakwood-apartments,chicago,usa
235,ohio-house-motel,chicago,usa
236,omni-chicago-hotel,chicago,usa
237,palwaukee-inn-conference-center,chicago,usa
238,park-hyatt-chicago,chicago,usa
239,ramada-inn-lake-shore-chicago,chicago,usa
240,red-roof-inn,chicago,usa
241,renaissance-chicago-hotel,chicago,usa
242,renaissance-chicago-o-hare-suites-hotel,chicago,usa
243,residence-inn-chicago-downtown,chicago,usa
244,residence-inn-chicago-downtown-river-north,chicago,usa
245,residence-inn-chicago-midway,chicago,usa
246,river-hotel,chicago,usa
247,ruby-room,chicago,usa
248,seneca-hotel,chicago,usa
249,sheffield-house,chicago,usa
250,sheraton-chicago-hotel-and-towers,chicago,usa
251,sheraton-chicago-northwest,chicago,usa
252,skylark-motel,chicago,usa
253,sofitel-chicago-water-tower,chicago,usa
254,springhill-suites-chicago-downtown-river-north,chicago,usa
255,springhill-suites-chicago-o-hare,chicago,usa
256,super-8-chicago-loyola-university,chicago,usa
257,super-8-chicago-o-hare-south,chicago,usa
258,swissotel-chicago,chicago,usa
259,thewit-hotel,chicago,usa
260,the-blackstone-a-renaissance-hotel,chicago,usa
261,the-drake,chicago,usa
262,the-fisher-building,chicago,usa
263,the-palmer-house-hilton,chicago,usa
264,the-peninsula-chicago,chicago,usa
265,the-raffaello-hotel,chicago,usa
266,the-ritz-carlton-chicago-a-four-seasons-hotel,chicago,usa
267,the-silversmith-hotel-suites,chicago,usa
268,the-sutton-place-hotel,chicago,usa
269,the-talbott-hotel,chicago,usa
270,the-tremont-chicago,chicago,usa
271,the-westin-chicago-river-north,chicago,usa
272,the-westin-michigan-avenue-chicago,chicago,usa
273,the-whitehall-hotel,chicago,usa
274,the-willows,chicago,usa
275,travelodge-chicago-downtown,chicago,usa
276,trump-international-hotel-tower-chicago,chicago,usa
277,union-league-club,chicago,usa
278,westin-chicago-northwest,chicago,usa
279,wheeler-mansion,chicago,usa
280,willows-hotel-chicago,chicago,usa
281,wyndham-chicago,chicago,usa
282,w-chicago-city-center,chicago,usa
283,w-chicago-lakeshore,chicago,usa
284,alexis-park-resort,las-vegas,usa
285,americana-5,las-vegas,usa
286,americas-best-value-inn,las-vegas,usa
287,americas-best-value-inn-las-vegas,las-vegas,usa
288,arizona-charlie-s-boulder-casino-hotel,las-vegas,usa
289,arizona-charlie-s-decatur,las-vegas,usa
290,artisan-hotel,las-vegas,usa
291,aruba-hotel,las-vegas,usa
292,atrium-suites-hotel-las-vegas,las-vegas,usa
293,aztec-inn,las-vegas,usa
294,a-fishers-inn,las-vegas,usa
295,bally-s-las-vegas-hotel-casino,las-vegas,usa
296,bellagio-las-vegas,las-vegas,usa
297,bel-aire-west,las-vegas,usa
298,best-western-main-street-inn,las-vegas,usa
299,best-western-mardi-gras-hotel-casino,las-vegas,usa
300,best-western-mccarran-inn,las-vegas,usa
301,best-western-nellis-motor-inn,las-vegas,usa
302,best-western-parkview-inn,las-vegas,usa
303,bill-s-gamblin-hall-saloon,las-vegas,usa
304,binion-s-horseshoe-hotel-casino-las-vegas,las-vegas,usa
305,blair-house-suites,las-vegas,usa
306,boulder-station-hotel-and-casino,las-vegas,usa
307,budget-suites-of-america-las-vegas,las-vegas,usa
308,budget-suites-of-america-north-rancho-drive,las-vegas,usa
309,budget-suites-of-america-stardust-road,las-vegas,usa
310,budget-suites-of-america-tropicana-i-15,las-vegas,usa
311,budget-suites-of-america-wynn,las-vegas,usa
312,caesars-palace-classic-hotel,las-vegas,usa
313,california-hotel,las-vegas,usa
314,cancun-resort,las-vegas,usa
315,candlewood-suites-las-vegas,las-vegas,usa
316,casino-royale-and-hotel,las-vegas,usa
317,circus-circus-hotel-casino-las-vegas,las-vegas,usa
318,circus-circus-manor-motor-lodge,las-vegas,usa
319,clarion-emerald-springs,las-vegas,usa
320,cliffs-at-peace-canyon,las-vegas,usa
321,club-de-soleil,las-vegas,usa
322,comfort-inn,las-vegas,usa
323,comfort-inn-suites-las-vegas,las-vegas,usa
324,courtyard-by-marriott-las-vegas-convention-center,las-vegas,usa
325,courtyard-by-marriott-las-vegas-south,las-vegas,usa
326,courtyard-by-marriott-las-vegas-summerlin,las-vegas,usa
327,crestwood-suites-las-vegas-boulevard,las-vegas,usa
328,crestwood-suites-las-vegas-flamingo,las-vegas,usa
329,desert-paradise-resort,las-vegas,usa
330,desert-rose-resort,las-vegas,usa
331,doubletree-club-hotel-las-vegas-airport,las-vegas,usa
332,downtowner-motel,las-vegas,usa
333,eastside-cannery-casino-hotel,las-vegas,usa
334,econo-lodge,las-vegas,usa
335,element-by-westin-las-vegas-summerlin,las-vegas,usa
336,el-cortez-cabana-suites,las-vegas,usa
337,el-cortez-hotel-casino,las-vegas,usa
338,embassy-suites-hotel-convention-center-paradise-road-las-vegas,las-vegas,usa
339,embassy-suites-las-vegas-airport,las-vegas,usa
340,emerald-suites,las-vegas,usa
341,emerald-suites-cameron,las-vegas,usa
342,emerald-suites-tropicana,las-vegas,usa
343,encore-at-wynn-las-vegas,las-vegas,usa
344,excalibur-hotel-casino,las-vegas,usa
345,extended-stayamerica-las-vegas-boulder-hwy,las-vegas,usa
346,extended-stayamerica-las-vegas-valley-view,las-vegas,usa
347,extended-stay-deluxe-las-vegas-east-flamingo,las-vegas,usa
348,fairfield-inn-las-vegas-airport,las-vegas,usa
349,fairfield-inn-suites-las-vegas-south,las-vegas,usa
350,falcon-ridge-hotel,las-vegas,usa
351,fiesta-hotel-and-casino,las-vegas,usa
352,fitzgeralds-casino-hotel,las-vegas,usa
353,flamingo-hotel-casino,las-vegas,usa
354,four-queens-hotel-and-casino,las-vegas,usa
355,four-seasons-hotel-las-vegas,las-vegas,usa
356,fremont-hotel-and-casino,las-vegas,usa
357,golden-gate-hotel-casino,las-vegas,usa
358,golden-nugget,las-vegas,usa
359,golden-palm-hotel,las-vegas,usa
360,gold-coast-hotel-and-casino,las-vegas,usa
361,gold-spike-hotel-and-casino,las-vegas,usa
362,grandview-at-las-vegas,las-vegas,usa
363,greek-isles-hotel-casino,las-vegas,usa
364,hampton-inn-las-vegas-summerlin,las-vegas,usa
365,hampton-inn-suites-las-vegas-airport,las-vegas,usa
366,hampton-inn-suites-las-vegas-west-summerlin,las-vegas,usa
367,hampton-inn-tropicana,las-vegas,usa
368,hard-rock-hotel-and-casino,las-vegas,usa
369,harrah-s-las-vegas-casino-hotel,las-vegas,usa
370,hilton-garden-inn-las-vegas-strip-south,las-vegas,usa
371,hilton-grand-vacations-club-at-the-flamingo-las-vegas,las-vegas,usa
372,hilton-grand-vacations-suites-on-the-las-vegas-strip,las-vegas,usa
373,hilton-grand-vacation-suites-las-vegas-convention-center,las-vegas,usa
374,holiday-inn-express-hotel-and-suites-las-vegas-215-beltway,las-vegas,usa
375,holiday-inn-express-las-vegas-nellis,las-vegas,usa
376,holiday-inn-express-las-vegas-south,las-vegas,usa
377,holiday-inn-express-the-lakes-las-vegas,las-vegas,usa
378,holiday-motel,las-vegas,usa
379,homestead-studio-suites-las-vegas-midtown,las-vegas,usa
380,homewood-suites-las-vegas-airport,las-vegas,usa
381,hooters-casino-hotel,las-vegas,usa
382,hotel32-at-monte-carlo,las-vegas,usa
383,howard-johnson-las-vegas-strip,las-vegas,usa
384,hyatt-place-las-vegas,las-vegas,usa
385,imperial-palace-hotel-casino,las-vegas,usa
386,jerry-s-nugget,las-vegas,usa
387,jockey-club,las-vegas,usa
388,jw-marriott-las-vegas-resort-spa-golf,las-vegas,usa
389,knights-inn,las-vegas,usa
390,knights-inn-las-vegas,las-vegas,usa
391,las-vegas-club-36,las-vegas,usa
392,las-vegas-club-casino-hotel,las-vegas,usa
393,las-vegas-hilton,las-vegas,usa
394,las-vegas-south-strip-travelodge,las-vegas,usa
395,la-quinta-inn-and-suites-las-vegas-west,las-vegas,usa
396,la-quinta-inn-and-suites-tropicana,las-vegas,usa
397,la-quinta-inn-las-vegas-airport,las-vegas,usa
398,la-quinta-inn-nellis,las-vegas,usa
399,la-quinta-summerlin-tech,las-vegas,usa
400,luxor-las-vegas,las-vegas,usa
401,main-street-station-hotel-casino,las-vegas,usa
402,malibu-bay-suites,las-vegas,usa
403,mandalay-bay-resort-casino,las-vegas,usa
404,manor-suites,las-vegas,usa
405,marriott-suites-las-vegas,las-vegas,usa
406,marriott-s-grand-chateau,las-vegas,usa
407,meridian-luxury-suites,las-vegas,usa
408,mgm-grand-hotel-and-casino,las-vegas,usa
409,microtel-inn-suites-las-vegas,las-vegas,usa
410,mirage-hotel-casino,las-vegas,usa
411,monte-carlo-resort-casino,las-vegas,usa
412,motel-6,las-vegas,usa
413,motel-6-las-vegas-boulder-highway,las-vegas,usa
414,motel-6-las-vegas-i-15,las-vegas,usa
415,motel-6-las-vegas-tropicana,las-vegas,usa
416,new-york-new-york-hotel-and-casino,las-vegas,usa
417,ogden-house-motel,las-vegas,usa
418,palace-station,las-vegas,usa
419,palms-place-hotel-spa,las-vegas,usa
420,paris-las-vegas-hotel,las-vegas,usa
421,planet-hollywood-resort-casino,las-vegas,usa
422,platinum-hotel-and-spa,las-vegas,usa
423,plaza-hotel-casino,las-vegas,usa
424,polo-towers,las-vegas,usa
425,primm-valley-resort-hotel-las-vegas,las-vegas,usa
426,red-rock-casino-resort-spa,las-vegas,usa
427,renaissance-las-vegas-hotel,las-vegas,usa
428,residence-inn-las-vegas-convention-center,las-vegas,usa
429,residence-inn-las-vegas-hughes-center,las-vegas,usa
430,residence-inn-las-vegas-south,las-vegas,usa
431,rio-suite-hotel-and-casino,las-vegas,usa
432,riviera-hotel-casino,las-vegas,usa
433,riviera-hotel-casino.rar,las-vegas,usa
434,rodeway-inn,las-vegas,usa
435,rodeway-inn-convention-center,las-vegas,usa
436,royal-vacation-suites-hotel-las-vegas,las-vegas,usa
437,sahara-hotel-casino,las-vegas,usa
438,sahara-westwood-hotel,las-vegas,usa
439,sam-s-town-hotel-and-gambling-hall,las-vegas,usa
440,santa-fe-station-hotel,las-vegas,usa
441,siegel-slots-and-suites,las-vegas,usa
442,siena-suites,las-vegas,usa
443,signature-at-mgm-grand,las-vegas,usa
444,silverton-hotel-and-casino,las-vegas,usa
445,skylofts-at-mgm-grand,las-vegas,usa
446,somerset-house-motel,las-vegas,usa
447,south-point-hotel-casino-and-spa,las-vegas,usa
448,sportsman-s-royal-manor,las-vegas,usa
449,springhill-suites-las-vegas-convention-center,las-vegas,usa
450,staybridge-suites-las-vegas,las-vegas,usa
451,stratosphere-hotel-casino-and-tower,las-vegas,usa
452,summer-bay-resorts-las-vegas-desert-club,las-vegas,usa
453,summer-bay-resort-las-vegas,las-vegas,usa
454,suncoast-hotel-and-casino,las-vegas,usa
455,super-8-las-vegas,las-vegas,usa
456,super-8-las-vegas-boulder-highway,las-vegas,usa
457,super-8-las-vegas-nellis-afb,las-vegas,usa
458,super-8-motel-las-vegas-downtown,las-vegas,usa
459,tahiti-vacation-club,las-vegas,usa
460,tahiti-village,las-vegas,usa
461,terrible-s-hotel-casino,las-vegas,usa
462,texas-station-gambling-hall-and-hotel,las-vegas,usa
463,thehotel-at-mandalay-bay,las-vegas,usa
464,the-carriage-house,las-vegas,usa
465,the-mansion-at-mgm-grand,las-vegas,usa
466,the-orleans-hotel-casino,las-vegas,usa
467,the-palazzo-resort-hotel-casino,las-vegas,usa
468,the-palms-casino-hotel,las-vegas,usa
469,the-resort-on-mount-charleston,las-vegas,usa
470,the-suites,las-vegas,usa
471,the-suites-boulder-strip,las-vegas,usa
472,the-westin-casuarina-las-vegas-hotel-casino-spa,las-vegas,usa
473,tod-motor-motel,las-vegas,usa
474,town-and-country-manor-iii,las-vegas,usa
475,travelodge-ambassador-strip-inn,las-vegas,usa
476,travelsuites-inn,las-vegas,usa
477,treasure-island-ti-hotel-casino,las-vegas,usa
478,tropicana-inn,las-vegas,usa
479,tropicana-resort-and-casino,las-vegas,usa
480,trump-international-hotel-tower-las-vegas,las-vegas,usa
481,tuscany-suites-casino,las-vegas,usa
482,venetian-resort-hotel-casino,las-vegas,usa
483,viva-las-vegas-villas,las-vegas,usa
484,western-hotel-casino,las-vegas,usa
485,whiskey-pete-s-casino-and-hotel,las-vegas,usa
486,wild-wild-west-gambling-hall-and-hotel,las-vegas,usa
487,wingate-by-wyndham-henderson,las-vegas,usa
488,worldmark-tropicana,las-vegas,usa
489,wyndham-grand-desert,las-vegas,usa
490,wynn-las-vegas,las-vegas,usa
491,130-queensgate-london-apartments,london,uk
492,190-bermondsey-street,london,uk
493,196-bishopsgate,london,uk
494,1-lexham-gardens,london,uk
495,22-jermyn-street,london,uk
496,39-suites,london,uk
497,44-curzon-street-apartments,london,uk
498,51-buckingham-gate-taj-suites-and-residences,london,uk
499,51-kensington-court-limited,london,uk
500,54-boutique-hotel,london,uk
501,abba-queen-s-gate-hotel,london,uk
502,abbey-court-hotel,london,uk
503,abbey-court-hyde-park,london,uk
504,abbey-lodge-hotel,london,uk
505,abcone-hotel,london,uk
506,abc-hyde-park-hotel,london,uk
507,ace-hotel,london,uk
508,admiral-hotel,london,uk
509,adria-hotel,london,uk
510,airways-hotel,london,uk
511,albany-hotel-london,london,uk
512,albion-house-hotel,london,uk
513,albro-house,london,uk
514,alexander-hotel-london,london,uk
515,alexander-house-hotel,london,uk
516,alexandra-hotel,london,uk
517,alhambra-hotel,london,uk
518,allen-house-luxury-serviced-apartments,london,uk
519,ambassadors-hotel,london,uk
520,ambassadors-hotel-in-bloomsbury,london,uk
521,americana-hotel,london,uk
522,amsterdam-hotel,london,uk
523,andaz-london,london,uk
524,andrews-house-hotel,london,uk
525,annexe-hotel,london,uk
526,antoinette-hotel-wimbledon,london,uk
527,an-nur-anna-hotel,london,uk
528,apex-city-of-london,london,uk
529,apex-london-wall-hotel,london,uk
530,apollo-hotel-bayswater,london,uk
531,aquarius-hotel,london,uk
532,arosfa,london,uk
533,arriva-hotel,london,uk
534,ascott-mayfair,london,uk
535,ashburn-hotel,london,uk
536,ashley-hotel,london,uk
537,aspen-suites-hyde-park,london,uk
538,astons-apartments,london,uk
539,astor-court-hotel,london,uk
540,athenaeum-hotel-apartments,london,uk
541,athena-hotel,london,uk
542,avalon-private-hotel,london,uk
543,averard-hotel,london,uk
544,avni-hotel-at-courtfield,london,uk
545,avni-kensington,london,uk
546,avni-luxury-serviced-apartments,london,uk
547,avonmore,london,uk
548,avonmore-hotel,london,uk
549,avon-hotel,london,uk
550,a-to-z-hotel,london,uk
551,baglioni-hotel-london,london,uk
552,bakers-hotel,london,uk
553,bankside-house,london,uk
554,barkston-garden-hotel-kensington,london,uk
555,base2stay-kensington,london,uk
556,bayswater-inn,london,uk
557,beaver-hotel,london,uk
558,bedford-hotel,london,uk
559,belgrave-hotel,london,uk
560,belgrave-house-hotel,london,uk
561,belmont-astoria-hotels,london,uk
562,belsize-park-hotel,london,uk
563,bentinck-house-hotel,london,uk
564,berjaya-eden-park-hotel,london,uk
565,berkeley-court,london,uk
566,berkeley-park-apartments,london,uk
567,berners-hotel,london,uk
568,best-western-bromley-court,london,uk
569,best-western-burns-hotel,london,uk
570,best-western-chiswick-palace-suites,london,uk
571,best-western-corona,london,uk
572,best-western-john-howard-hotel,london,uk
573,best-western-lodge-hotel-putney,london,uk
574,best-western-mornington-hotel,london,uk
575,best-western-mostyn-hotel,london,uk
576,best-western-paddington-court-hotel-suites,london,uk
577,best-western-paddington-court-inn,london,uk
578,best-western-phoenix-hotel,london,uk
579,best-western-shaftesbury-hotel,london,uk
580,best-western-swiss-cottage-hotel,london,uk
581,best-western-the-boltons-hotel,london,uk
582,best-western-the-cromwell,london,uk
583,best-western-the-delmere-hotel,london,uk
584,best-western-victoria-palace,london,uk
585,beverley-city-hotel,london,uk
586,bickenhall-hotel,london,uk
587,blades-hotel,london,uk
588,blair-victoria-hotel,london,uk
589,blakemore-hotel,london,uk
590,blakes-hotel,london,uk
591,blandford-hotel,london,uk
592,blooms-town-house-hotel,london,uk
593,blue-bells-hotel,london,uk
594,boka-hotel,london,uk
595,boston-court-hotel,london,uk
596,boston-manor-hotel,london,uk
597,boulevard-hotel,london,uk
598,bowden-court,london,uk
599,brewers-inn,london,uk
600,bridgestreet-corporate-housing-the-kings-wardrobe,london,uk
601,brindle-house-hotel,london,uk
602,britannia-hampstead-hotel,london,uk
603,britannia-international-hotel,london,uk
604,brompton-hotel-london,london,uk
605,brook-green-hotel,london,uk
606,brown-s-hotel,london,uk
607,brunel-hotel,london,uk
608,bryanston-court-hotel,london,uk
609,buckingham-hotel,london,uk
610,byron-hotel,london,uk
611,cadogan-hotel,london,uk
612,camden-lock-hotel,london,uk
613,camelot-house-hotel,london,uk
614,cardiff-hotel,london,uk
615,caring-hotel,london,uk
616,carlton-hotel,london,uk
617,carlton-hotel-london,london,uk
618,castleton-hotel,london,uk
619,caswell-hotel,london,uk
620,cavendish-hotel,london,uk
621,centaur-hotel,london,uk
622,central-house-hotel,london,uk
623,central-london-apartments,london,uk
624,central-park-hotel,london,uk
625,chamberlain-hotel,london,uk
626,charing-cross,london,uk
627,charlotte-street-hotel,london,uk
628,chelsea-guest-house,london,uk
629,chelsea-lodge-hotel,london,uk
630,cherry-court-hotel,london,uk
631,chester-hotel,london,uk
632,cheval-apartments,london,uk
633,chiswick-court-hotel,london,uk
634,chiswick-hotel,london,uk
635,chiswick-moran-hotel,london,uk
636,chrysos-hotel,london,uk
637,church-street-hotel,london,uk
638,citadines-holborn-covent-garden,london,uk
639,citadines-london-barbican,london,uk
640,citadines-london-south-kensington,london,uk
641,citadines-london-trafalgar-square,london,uk
642,citystay-hotel,london,uk
643,city-continental-london-kensington,london,uk
644,city-hotel,london,uk
645,city-inn-express,london,uk
646,city-inn-westminster,london,uk
647,city-of-london-yha,london,uk
648,civic-guest-house,london,uk
649,claridge-s,london,uk
650,classic-hotel-london,london,uk
651,clearlake-hotel,london,uk
652,club-quarters-at-trafalgar-square,london,uk
653,club-quarters-gracechurch,london,uk
654,club-quarters-st-paul-s,london,uk
655,colliers-hotel,london,uk
656,collingham-apartments,london,uk
657,comfort-hotel-finchley,london,uk
658,comfort-hotel-harrow,london,uk
659,comfort-inn-buckingham-palace-road,london,uk
660,comfort-inn-edgware-road,london,uk
661,comfort-inn-hyde-park,london,uk
662,comfort-inn-kings-cross,london,uk
663,comfort-inn-suites-kings-cross,london,uk
664,comfort-inn-vauxhall,london,uk
665,comfort-inn-victoria,london,uk
666,commodore-hotel,london,uk
667,concorde-hotel,london,uk
668,copthorne-tara-hotel-london-kensington,london,uk
669,corbigoe-hotel,london,uk
670,corner-house-hotel,london,uk
671,corus-hotel-hyde-park,london,uk
672,costello-palace-hotel,london,uk
673,country-inn-suites-london-bloomsbury,london,uk
674,county-london,london,uk
675,covent-garden-hotel,london,uk
676,cranley-gardens-hotel,london,uk
677,cranley-hotel,london,uk
678,craven-gardens-hotel,london,uk
679,crescent-hotel,london,uk
680,crestfield-hotel,london,uk
681,cricklewood-lodge-hotel,london,uk
682,cromwell-crown,london,uk
683,crowne-plaza-hotel-london-ealing,london,uk
684,crowne-plaza-london-docklands,london,uk
685,crowne-plaza-london-kensington,london,uk
686,crowne-plaza-london-shoreditch,london,uk
687,crowne-plaza-london-st-james,london,uk
688,crowne-plaza-london-the-city,london,uk
689,crowne-plaza-marlow,london,uk
690,crown-moran-hotel,london,uk
691,curzon-plaza,london,uk
692,custom-house-hotel,london,uk
693,dalmacia-hotel,london,uk
694,danubius-hotel-regents-park,london,uk
695,days-hotel-london-hyde-park,london,uk
696,days-hotel-london-north,london,uk
697,days-hotel-london-shoreditch,london,uk
698,days-hotel-london-south-ruislip,london,uk
699,days-inn-london-hyde-park,london,uk
700,days-inn-london-waterloo,london,uk
701,days-inn-london-westminster,london,uk
702,derby-hotel,london,uk
703,devonport-house,london,uk
704,diplomat-hotel,london,uk
705,dolphin-hotel,london,uk
706,dolphin-house,london,uk
707,dorset-square,london,uk
708,draycott-hotel,london,uk
709,dukes-hotel,london,uk
710,duke-of-leinster-hotel,london,uk
711,durley-house,london,uk
712,durrants-hotel,london,uk
713,dylan-house,london,uk
714,earls-court-gardens-hotel,london,uk
715,easyhotel-london-earls-court,london,uk
716,easyhotel-london-south-kensington,london,uk
717,easyhotel-london-victoria,london,uk
718,easyhotel-paddington-london,london,uk
719,ebury-house,london,uk
720,eden-plaza-hotel,london,uk
721,edward-hotel,london,uk
722,edward-house,london,uk
723,edward-lear-hotel,london,uk
724,egerton-house-hotel,london,uk
725,elena-hotel,london,uk
726,eleven-cadogan-gardens,london,uk
727,elizabeth-hotel,london,uk
728,elysee-hotel,london,uk
729,enrico-hotel,london,uk
730,enterprise-hotel,london,uk
731,etap-hotel-london-city-airport,london,uk
732,europa-house-hotel,london,uk
733,european-hotel,london,uk
734,eurotraveller-hotel,london,uk
735,euro-hotel-clapham,london,uk
736,euro-hotel-hammersmith,london,uk
737,euro-wembley-hotel-london,london,uk
738,euston-square-hotel,london,uk
739,exhibition-court-hotel-3,london,uk
740,exhibition-court-hotel-4,london,uk
741,fairways-hotel,london,uk
742,fairway-hotel,london,uk
743,falcon-hotel,london,uk
744,flemings-mayfair-hotel,london,uk
745,flexistay-aparthotel-tooting-london,london,uk
746,forest-view-hotel,london,uk
747,foubert-s-hotel,london,uk
748,four-seasons-hotel-canary-wharf,london,uk
749,four-seasons-hotel-london-currently-closed,london,uk
750,fox-club,london,uk
751,fraser-place-canary-wharf,london,uk
752,fraser-place-queens-gate,london,uk
753,garden-court-hotel,london,uk
754,garden-view-hotel,london,uk
755,garth-hotel,london,uk
756,georgian-hotel,london,uk
757,georgian-house-hotel,london,uk
758,glendale-hyde-park-hotel,london,uk
759,glenlyn-guest-house,london,uk
760,globetrotter-inn,london,uk
761,gloucester-place-hotel,london,uk
762,glynne-court,london,uk
763,golders-green-hotel,london,uk
764,gower-house-hotel,london,uk
765,grand-royale-london-hyde-park,london,uk
766,grand-tourist,london,uk
767,grange-blooms-hotel,london,uk
768,grange-city-hotel,london,uk
769,grange-fitzrovia-hotel,london,uk
770,grange-holborn-hotel,london,uk
771,grange-langham-court,london,uk
772,grange-lodge-hotel,london,uk
773,grange-rochester-hotel,london,uk
774,grange-strathmore-hotel,london,uk
775,grange-st-paul-s-hotel,london,uk
776,grange-white-hall-hotel,london,uk
777,grantly-hotel,london,uk
778,green-court-hotel,london,uk
779,grenville-house-hotel,london,uk
780,gresham-hotel,london,uk
781,gresham-hotel-hanger-lane,london,uk
782,gresham-hotel-london,london,uk
783,griffin-house-hotel,london,uk
784,grim-s-dyke-hotel,london,uk
785,grosvenor-house-a-jw-marriott-hotel,london,uk
786,grosvenor-kensington-hotel,london,uk
787,grove-hill-hotel,london,uk
788,guesthouse-west,london,uk
789,guilford-house-hotel,london,uk
790,hadleigh-hotel,london,uk
791,hallam-hotel,london,uk
792,hamilton-house-hotel-greenwich,london,uk
793,hand-and-flower-hotel,london,uk
794,hanger-hill-hotel,london,uk
795,harlingford-hotel,london,uk
796,harrington-hall-hotel,london,uk
797,hart-house-hotel,london,uk
798,haymarket-hotel,london,uk
799,hazlitt-s,london,uk
800,hendon-hall,london,uk
801,henley-house-hotel,london,uk
802,henry-viii-hotel,london,uk
803,her-majesty-hotel,london,uk
804,hesperia-london-victoria-hotel,london,uk
805,hilton-london-canary-wharf,london,uk
806,hilton-london-docklands,london,uk
807,hilton-london-euston,london,uk
808,hilton-london-green-park,london,uk
809,hilton-london-hyde-park,london,uk
810,hilton-london-islington,london,uk
811,hilton-london-kensington,london,uk
812,hilton-london-metropole,london,uk
813,hilton-london-olympia,london,uk
814,hilton-london-paddington,london,uk
815,hilton-london-tower-bridge,london,uk
816,hogarth-executive-rooms-by-shaftesbury,london,uk
817,holiday-inn-express-earls-court,london,uk
818,holiday-inn-express-london-chingford-north-circular,london,uk
819,holiday-inn-express-london-city,london,uk
820,holiday-inn-express-london-golders-green-north,london,uk
821,holiday-inn-express-london-greenwich,london,uk
822,holiday-inn-express-london-hammersmith,london,uk
823,holiday-inn-express-london-limehouse,london,uk
824,holiday-inn-express-london-newbury-park,london,uk
825,holiday-inn-express-london-park-royal,london,uk
826,holiday-inn-express-london-royal-docks-docklands,london,uk
827,holiday-inn-express-london-southwark,london,uk
828,holiday-inn-express-london-stratford,london,uk
829,holiday-inn-express-london-swiss-cottage,london,uk
830,holiday-inn-express-london-victoria,london,uk
831,holiday-inn-express-london-wimbledon-south,london,uk
832,holiday-inn-express-wandsworth-battersea,london,uk
833,holiday-inn-london-bloomsbury,london,uk
834,holiday-inn-london-brentford-lock,london,uk
835,holiday-inn-london-brent-cross,london,uk
836,holiday-inn-london-camden-lock,london,uk
837,holiday-inn-london-kensington-forum,london,uk
838,holiday-inn-london-kingston-south,london,uk
839,holiday-inn-london-kings-cross-bloomsbury,london,uk
840,holiday-inn-london-mayfair,london,uk
841,holiday-inn-london-regent-s-park,london,uk
842,holiday-inn-oxford-circus,london,uk
843,holiday-villa-london,london,uk
844,holland-court-hotel,london,uk
845,hollingbury-hotel,london,uk
846,holly-house-hotel,london,uk
847,home-house,london,uk
848,hotel-41,london,uk
849,hotel-43,london,uk
850,hotel-55,london,uk
851,hotel-65,london,uk
852,hotel-82,london,uk
853,hotel-california,london,uk
854,hotel-earls-court,london,uk
855,hotel-ibis-london-docklands,london,uk
856,hotel-indigo-london-paddington,london,uk
857,hotel-la-place,london,uk
858,hotel-meridiana,london,uk
859,hotel-olympia,london,uk
860,hotel-rama,london,uk
861,hotel-rushmore,london,uk
862,hotel-westminster,london,uk
863,howard-winchester-hotel,london,uk
864,hoxton-hotel,london,uk
865,huttons-hotel,london,uk
866,hyatt-regency-london-the-churchill,london,uk
867,hyde-hotel,london,uk
868,hyde-park-court-hotel,london,uk
869,hyde-park-executive-apartments-hotel,london,uk
870,hyde-park-suites,london,uk
871,hyde-park-west,london,uk
872,ibis-london-city,london,uk
873,ibis-london-docklands,london,uk
874,ibis-london-earls-court,london,uk
875,ibis-london-euston-st-pancras,london,uk
876,ibis-london-greenwich,london,uk
877,ibis-london-stratford,london,uk
878,igar-hotel,london,uk
879,imperial-hotel,london,uk
880,innkeeper-s-lodge-snaresbrook,london,uk
881,intercontinental-london-park-lane-hotel,london,uk
882,ivanhoe-suite-hotel,london,uk
883,jenkins-hotel,london,uk
884,jolly-st-ermin-s-hotel,london,uk
885,jubilee-court-hotel,london,uk
886,jubilee-hotel,london,uk
887,jumeirah-carlton-tower,london,uk
888,jumeirah-lowndes-hotel,london,uk
889,jurys-inn-chelsea,london,uk
890,jurys-inn-islington,london,uk
891,kensington-close-hotel,london,uk
892,kensington-house-hotel,london,uk
893,kensington-international-hotel,london,uk
894,kensington-manor,london,uk
895,kensington-park-apartments,london,uk
896,kensington-rooms,london,uk
897,kensington-suite-hotel,london,uk
898,kensington-townhouse-london,london,uk
899,kensington-west-hotel,london,uk
900,kenton-house-hotel,london,uk
901,kent-hall-hotel,london,uk
902,kingsland-hotel,london,uk
903,kingston-lodge,london,uk
904,kingsway-hall-hotel,london,uk
905,kingsway-park-hotel,london,uk
906,kings-hotel,london,uk
907,king-solomon-hotel,london,uk
908,knightsbridge-green-hotel,london,uk
909,knightsbridge-hotel,london,uk
910,k-k-hotel-george,london,uk
911,k-west-hotel-spa,london,uk
912,lancaster-court-hotel,london,uk
913,lancaster-hall-hotel,london,uk
914,lancaster-london,london,uk
915,langland-hotel,london,uk
916,langorf-hotel-apartments,london,uk
917,la-gaffe,london,uk
918,la-reserve,london,uk
919,la-suite-executive-hotel,london,uk
920,leigham-court-hotel,london,uk
921,leisure-inn,london,uk
922,le-meridien-piccadilly,london,uk
923,lidos-hotel,london,uk
924,lily-hotel,london,uk
925,limegrove-hotel,london,uk
926,lindal-hotel,london,uk
927,linden-house-hotel,london,uk
928,lisa-court-hotel,london,uk
929,london-bridge-hotel,london,uk
930,london-city-hotel,london,uk
931,london-continental-hotel,london,uk
932,london-elizabeth-hotel,london,uk
933,london-guards-hotel,london,uk
934,london-hilton-on-park-lane,london,uk
935,london-house,london,uk
936,london-house-hotel,london,uk
937,london-ilford-gants-hill,london,uk
938,london-lodge-hotel,london,uk
939,london-marriott-hotel-kensington,london,uk
940,london-marriott-hotel-marble-arch,london,uk
941,london-marriott-hotel-regents-park,london,uk
942,london-marriott-west-india-quay,london,uk
943,london-outpost-of-bovey-castle,london,uk
944,london-school-of-economics-northumberland-house,london,uk
945,london-shelton-hotel,london,uk
946,london-southwark-premier-inn,london,uk
947,london-tower-bridge-apartments,london,uk
948,london-town-hotel,london,uk
949,lords-hotel,london,uk
950,lord-jim-hotel,london,uk
951,lord-kensington-hotel,london,uk
952,lord-milner,london,uk
953,luna-simone-hotel,london,uk
954,mabledon-court-hotel,london,uk
955,mad-hatter-hotel,london,uk
956,majestic,london,uk
957,malmaison-london,london,uk
958,mandarin-oriental-hyde-park-london,london,uk
959,mandeville-hotel,london,uk
960,manor-court-hotel,london,uk
961,marlin-apartments-canary-south,london,uk
962,marlin-apartments-empire-square,london,uk
963,marlin-apartments-olympic-view,london,uk
964,marlin-apartments-queen-street,london,uk
965,marne-hotel,london,uk
966,marriott-executive-apartments-london-west-india-quay,london,uk
967,marriott-london-county-hall,london,uk
968,marriott-london-grosvenor-square-hotel,london,uk
969,marriott-london-maida-vale,london,uk
970,marriott-london-park-lane,london,uk
971,mayflower-hotel-apartments,london,uk
972,megaro-hotel,london,uk
973,melbourne-house-hotel,london,uk
974,melia-white-house,london,uk
975,melita-house-hotel,london,uk
976,melville-hotel,london,uk
977,mentone-hotel,london,uk
978,menzies-prince-regent,london,uk
979,mercure-london-city-bankside,london,uk
980,merlyn-court-hotel,london,uk
981,mermaid-suite-hotel,london,uk
982,metro-hotel,london,uk
983,mic-hotel-and-conference-center,london,uk
984,millennium-bailey-s-hotel,london,uk
985,millennium-copthorne-hotels-at-chelsea-football-club,london,uk
986,millennium-gloucester,london,uk
987,millennium-knightsbridge-hotel,london,uk
988,millennium-mayfair-hotel,london,uk
989,millers-residence,london,uk
990,mitre-house-hotel,london,uk
991,montagu-place-hotel,london,uk
992,montana-excel,london,uk
993,montana-hotel,london,uk
994,mowbray-court-hotel,london,uk
995,muswell-hill-hotel,london,uk
996,myhotel-bloomsbury,london,uk
997,myhotel-chelsea,london,uk
998,my-place-hotel,london,uk
999,nayland-hotel,london,uk
1000,newham-hotel,london,uk
1001,new-dawn-hotel,london,uk
1002,new-england-hotel,london,uk
1003,new-linden-hotel,london,uk
1004,new-pembury-central-park,london,uk
1005,nh-kensington,london,uk
1006,norfolk-plaza-hotel,london,uk
1007,notting-hill-gate-hotel,london,uk
1008,notting-hill-hotel,london,uk
1009,novotel-london-city-south,london,uk
1010,novotel-london-excel,london,uk
1011,novotel-london-greenwich,london,uk
1012,novotel-london-paddington,london,uk
1013,novotel-london-st-pancras,london,uk
1014,novotel-london-tower-bridge,london,uk
1015,novotel-london-waterloo,london,uk
1016,novotel-london-west,london,uk
1017,no-13-half-moon-street,london,uk
1018,no-5-maddox-street,london,uk
1019,no-ten-manchester-street,london,uk
1020,number-sixteen,london,uk
1021,odessa-wharf,london,uk
1022,oliver-hotel,london,uk
1023,oliver-plaza-hotel,london,uk
1024,olympic-hotel-victoria,london,uk
1025,olympic-house-hotel,london,uk
1026,one-aldwych,london,uk
1027,opulence-hotel,london,uk
1028,orchard-hotel,london,uk
1029,ormonde-house-hotel,london,uk
1030,oxford-hotel,london,uk
1031,oxford-house-hotel,london,uk
1032,pacific-hotel,london,uk
1033,palace-court-hotel,london,uk
1034,palace-hotel,london,uk
1035,palm-hotel,london,uk
1036,parkes-hotel,london,uk
1037,parkside-hotel,london,uk
1038,parkwood-hotel,london,uk
1039,park-grand-london-paddington,london,uk
1040,park-hotel,london,uk
1041,park-inn-hyde-park,london,uk
1042,park-inn-london-russell-square,london,uk
1043,park-international-hotel,london,uk
1044,park-lane-mews-hotel,london,uk
1045,park-lodge-hotel,london,uk
1046,park-plaza-county-hall-london,london,uk
1047,park-plaza-riverbank-london,london,uk
1048,park-plaza-sherlock-holmes-london,london,uk
1049,park-plaza-victoria-london,london,uk
1050,pasha-hotel,london,uk
1051,pavilion-hotel,london,uk
1052,pembridge-palace-hotel,london,uk
1053,pembury-hotel,london,uk
1054,piccolino-hotel,london,uk
1055,pickwick-hall,london,uk
1056,plaza-hotel,london,uk
1057,plaza-on-the-river-club-and-residence,london,uk
1058,portobello-gold,london,uk
1059,portobello-hotel,london,uk
1060,premier-by-eurotraveller,london,uk
1061,premier-inn-london-beckton,london,uk
1062,premier-inn-london-buckhurst-hill,london,uk
1063,premier-inn-london-city-tower-hill,london,uk
1064,premier-inn-london-county-hall,london,uk
1065,premier-inn-london-docklands-excel,london,uk
1066,premier-inn-london-edgware,london,uk
1067,premier-inn-london-euston,london,uk
1068,premier-inn-london-hammersmith,london,uk
1069,premier-inn-london-hampstead,london,uk
1070,premier-inn-london-kensington,london,uk
1071,premier-inn-london-kensington-olympia,london,uk
1072,premier-inn-london-kew,london,uk
1073,premier-inn-london-kings-cross-st-pancras,london,uk
1074,premier-inn-london-putney-bridge,london,uk
1075,premier-inn-london-tower-bridge,london,uk
1076,premier-inn-london-victoria,london,uk
1077,premier-inn-london-wimbeldon-south,london,uk
1078,premier-west-hotel,london,uk
1079,president-hotel,london,uk
1080,princes-square-hotel,london,uk
1081,prince-william-hotel,london,uk
1082,quality-crown-hotel-hyde-park,london,uk
1083,quality-crown-hotel-kensington,london,uk
1084,quality-crown-hotel-paddington,london,uk
1085,quality-hotel-hampstead,london,uk
1086,quality-hotel-harrow,london,uk
1087,quality-hotel-wembley,london,uk
1088,queensway-hotel,london,uk
1089,queens-hotel,london,uk
1090,queens-hotel-crystal-palace,london,uk
1091,queens-park-hotel,london,uk
1092,queen-s-hotel,london,uk
1093,radisson-edwardian-berkshire-hotel,london,uk
1094,radisson-edwardian-bloomsbury-street,london,uk
1095,radisson-edwardian-grafton-hotel,london,uk
1096,radisson-edwardian-hampshire-hotel,london,uk
1097,radisson-edwardian-kenilworth-hotel,london,uk
1098,radisson-edwardian-leicester-square-hotel,london,uk
1099,radisson-edwardian-mountbatten-hotel,london,uk
1100,radisson-edwardian-new-providence-wharf,london,uk
1101,radisson-edwardian-sussex-hotel,london,uk
1102,radisson-edwardian-vanderbilt,london,uk
1103,radisson-sas-hotel-london-stansted-airport,london,uk
1104,radisson-sas-portman-hotel,london,uk
1105,radnor-bayswater-hotel,london,uk
1106,raglan-hotel,london,uk
1107,ramada-ealing,london,uk
1108,ramada-encore-london-west,london,uk
1109,ramada-hotel-and-suites-london-docklands,london,uk
1110,ramada-hyde-park,london,uk
1111,ramada-jarvis-marylebone-hotel,london,uk
1112,rasool-court-hotel,london,uk
1113,rathbone-hotel,london,uk
1114,reem-hotel,london,uk
1115,regency-court-hotel,london,uk
1116,regency-hotel-nottingham-place,london,uk
1117,regency-hotel-queen-s-gate,london,uk
1118,regency-house,london,uk
1119,regent-s-park-hotel,london,uk
1120,renaissance-chancery-court-london,london,uk
1121,rhodes-hotel,london,uk
1122,ridgemount-hotel,london,uk
1123,ridgeway-hotel-chingford,london,uk
1124,romanos-hotel,london,uk
1125,rookery-hotel,london,uk
1126,rosebery-hall-residence,london,uk
1127,rose-court-hotel,london,uk
1128,royal-adelphi-hotel,london,uk
1129,royal-court-apartments,london,uk
1130,royal-eagle-hotel,london,uk
1131,royal-garden-hotel,london,uk
1132,royal-guest-house-2,london,uk
1133,royal-horseguards,london,uk
1134,royal-hyde-park,london,uk
1135,royal-national-hotel,london,uk
1136,royal-norfolk-hotel,london,uk
1137,royal-over-seas-league,london,uk
1138,royal-park-hotel,london,uk
1139,rubens-at-the-palace,london,uk
1140,rubens-hotel,london,uk
1141,ruskin,london,uk
1142,russell-hotel,london,uk
1143,rydges-kensington-plaza-hotel,london,uk
1144,saint-georges-hotel,london,uk
1145,saint-simeon,london,uk
1146,sanctum-soho-hotel,london,uk
1147,sanderson-hotel-london,london,uk
1148,sara-hotel,london,uk
1149,scala-house,london,uk
1150,searcy-s-roof-garden-rooms,london,uk
1151,seven-dials-hotel,london,uk
1152,seymour-hotel,london,uk
1153,shaftesbury-hyde-park-international,london,uk
1154,shaftesbury-metropolis-london-hyde-park,london,uk
1155,shaftesbury-metropolitan-hotel,london,uk
1156,shaftesbury-premier-hotel-london-paddington,london,uk
1157,shaftesbury-premier-hyde-park-paddington,london,uk
1158,shaftesbury-premier-london-notting-hill,london,uk
1159,shakespeare-hotel,london,uk
1160,sheraton-belgravia-hotel,london,uk
1161,sheraton-park-tower,london,uk
1162,sidney-hotel,london,uk
1163,sir-alfred-hitchcock-hotel,london,uk
1164,sleeping-beauty-motel,london,uk
1165,sloane-square-hotel,london,uk
1166,sofitel-st-james-london,london,uk
1167,somerset-hotel,london,uk
1168,somerset-kensington-gardens,london,uk
1169,southwark-rose-hotel,london,uk
1170,so-quartier-nw6,london,uk
1171,space-apart-hotel,london,uk
1172,springfield-hotel-london,london,uk
1173,spring-park-hotel,london,uk
1174,stanley-house,london,uk
1175,star-hotel,london,uk
1176,staunton-hotel,london,uk
1177,stonebridge-park-hotel,london,uk
1178,strand-palace-hotel,london,uk
1179,stylotel,london,uk
1180,st-david-s-hotels,london,uk
1181,st-george-hotel,london,uk
1182,st-george-s-hotel,london,uk
1183,st-giles-hotel-london,london,uk
1184,st-james-s-hotel-and-club,london,uk
1185,st-mark-hotel,london,uk
1186,st-martins-lane-hotel,london,uk
1187,st-peters-hotel,london,uk
1188,sunborn-yacht-hotel,london,uk
1189,swinton-hotel,london,uk
1190,swissotel-the-howard,london,uk
1191,sydney-house,london,uk
1192,tavistock-hotel,london,uk
1193,thanet-hotel,london,uk
1194,the-academy,london,uk
1195,the-ascot-hotel,london,uk
1196,the-balmoral-house-hotel,london,uk
1197,the-barn-hotel,london,uk
1198,the-beauchamp,london,uk
1199,the-beaufort,london,uk
1200,the-belgrove-hotel,london,uk
1201,the-belvedere,london,uk
1202,the-bentley-hotel-london-the-waldorf-astoria-collection,london,uk
1203,the-berkeley,london,uk
1204,the-bermondsey-square-hotel,london,uk
1205,the-bloomsbury-hotel,london,uk
1206,the-bridge-hotel,london,uk
1207,the-caesar,london,uk
1208,the-capital-hotel,london,uk
1209,the-cavendish-london,london,uk
1210,the-chesterfield-mayfair-hotel,london,uk
1211,the-clarendon-hotel,london,uk
1212,the-colonnade-london,london,uk
1213,the-columbia,london,uk
1214,the-columbus-hotel,london,uk
1215,the-connaught,london,uk
1216,the-continental-hotel,london,uk
1217,the-courthouse-doubletree-by-hilton,london,uk
1218,the-crescent-hotel,london,uk
1219,the-cumberland,london,uk
1220,the-darlington-hyde-park,london,uk
1221,the-dorchester,london,uk
1222,the-dover-hotel,london,uk
1223,the-euro-hotel,london,uk
1224,the-fielding-hotel,london,uk
1225,the-fox-goose-hotel,london,uk
1226,the-gainsborough-hotel,london,uk
1227,the-gallery-hotel,london,uk
1228,the-gate,london,uk
1229,the-gateway-hotel,london,uk
1230,the-gore-hotel,london,uk
1231,the-goring,london,uk
1232,the-grand-at-trafalgar-square,london,uk
1233,the-grosvenor,london,uk
1234,the-halkin,london,uk
1235,the-harrison-gastro-pub-and-hotel,london,uk
1236,the-hempel,london,uk
1237,the-house-hotel,london,uk
1238,the-hyde-park-hotel,london,uk
1239,the-hyde-park-towers-hotel,london,uk
1240,the-inn-at-kew-gardens-kew-gardens-hotel,london,uk
1241,the-ivy-house-hotel,london,uk
1242,the-kensington-hotel,london,uk
1243,the-kingsley-by-thistle,london,uk
1244,the-lancaster,london,uk
1245,the-landmark-london,london,uk
1246,the-lanesborough-a-st-regis-hotel,london,uk
1247,the-langham-london,london,uk
1248,the-lennox-hotel,london,uk
1249,the-leonard-hotel,london,uk
1250,the-levin,london,uk
1251,the-lonsdale-hotel,london,uk
1252,the-mansions-apartments,london,uk
1253,the-maranton-house-hotel,london,uk
1254,the-marylebone-hotel,london,uk
1255,the-may-fair,london,uk
1256,the-metropolitan,london,uk
1257,the-milestone-hotel,london,uk
1258,the-montague-on-the-gardens,london,uk
1259,the-montcalm-london,london,uk
1260,the-new-dome-hotel,london,uk
1261,the-norfolk-towers-hotel,london,uk
1262,the-old-bell,london,uk
1263,the-omega-hotel,london,uk
1264,the-oxford-hotel,london,uk
1265,the-paddington-hotel,london,uk
1266,the-parkcity,london,uk
1267,the-park-lane-sheraton-hotel,london,uk
1268,the-pelham-hotel,london,uk
1269,the-penn-club,london,uk
1270,the-portland-hotel,london,uk
1271,the-quality-maitrise-hotel,london,uk
1272,the-red-lion-hotel-london,london,uk
1273,the-rembrandt,london,uk
1274,the-ritz-london,london,uk
1275,the-rockwell,london,uk
1276,the-royal-cambridge-hotel,london,uk
1277,the-royal-trafalgar-by-thistle,london,uk
1278,the-sanctuary-house-hotel,london,uk
1279,the-savoy,london,uk
1280,the-shaftesbury-kensington,london,uk
1281,the-soho-hotel,london,uk
1282,the-stafford-hotel,london,uk
1283,the-sumner-hotel,london,uk
1284,the-tophams-hotel-belgravia,london,uk
1285,the-tower,london,uk
1286,the-trafalgar-hotel,london,uk
1287,the-ventures-hotel,london,uk
1288,the-vicarage-hotel,london,uk
1289,the-waldorf-hilton,london,uk
1290,the-york-albany,london,uk
1291,the-zetter,london,uk
1292,think-earl-s-court,london,uk
1293,thistle-bloomsbury-park,london,uk
1294,thistle-city-barbican,london,uk
1295,thistle-euston,london,uk
1296,thistle-hyde-park,london,uk
1297,thistle-kensington-gardens,london,uk
1298,thistle-marble-arch,london,uk
1299,thistle-piccadilly,london,uk
1300,thistle-selfridge,london,uk
1301,thistle-westminster,london,uk
1302,threadneedles-hotel,london,uk
1303,top-hotel-kensington-gardens,london,uk
1304,travelodge-chessington-tolworth,london,uk
1305,travelodge-city-road,london,uk
1306,travelodge-high-holborn,london,uk
1307,travelodge-london-aldgate-east-hotel,london,uk
1308,travelodge-london-barking,london,uk
1309,travelodge-london-battersea,london,uk
1310,travelodge-london-city-airport-hotel,london,uk
1311,travelodge-london-covent-garden,london,uk
1312,travelodge-london-docklands,london,uk
1313,travelodge-london-euston,london,uk
1314,travelodge-london-farringdon,london,uk
1315,travelodge-london-fulham,london,uk
1316,travelodge-london-kew-bridge,london,uk
1317,travelodge-london-kings-cross,london,uk
1318,travelodge-london-kings-cross-royal-scot,london,uk
1319,travelodge-london-liverpool-street,london,uk
1320,travelodge-london-marylebone,london,uk
1321,travelodge-london-park-royal,london,uk
1322,travelodge-london-southwark,london,uk
1323,travelodge-london-tower-bridge,london,uk
1324,travelodge-london-wimbledon,london,uk
1325,travelodge-wembley,london,uk
1326,trebovir,london,uk
1327,tria,london,uk
1328,troy-hotel,london,uk
1329,tudor-court-hotel,london,uk
1330,twenty-nevern-square,london,uk
1331,umi-london,london,uk
1332,vancouver-studios,london,uk
1333,vandon-house-hotel,london,uk
1334,vegas-hotel,london,uk
1335,victoria-inn,london,uk
1336,victoria-station-hotel,london,uk
1337,victor-hotel,london,uk
1338,viking-hotel,london,uk
1339,wardonia-hotel,london,uk
1340,warwick-hotel,london,uk
1341,warwick-house,london,uk
1342,washington-mayfair-hotel,london,uk
1343,waverley-house-hotel,london,uk
1344,wedgewood-hotel,london,uk
1345,wellington,london,uk
1346,westbury-kensington,london,uk
1347,westbury-mayfair,london,uk
1348,westland-hotel,london,uk
1349,westminster-house-hotel,london,uk
1350,westpoint-hotel,london,uk
1351,west-cromwell-hotel,london,uk
1352,west-ham-united-hotel,london,uk
1353,whiteleaf-hotel,london,uk
1354,white-house-hotel,london,uk
1355,white-lodge-hotel,london,uk
1356,willett-hotel,london,uk
1357,winchester-hotel,london,uk
1358,windermere-hotel,london,uk
1359,windmill-on-the-common,london,uk
1360,windsor-house-hotel,london,uk
1361,woogo-bayswater-apartments-london,london,uk
1362,wyndham-grand-london-chelsea-harbour,london,uk
1363,wyndham-hotel,london,uk
1364,york-hotel,london,uk
1365,york-house-hotel,london,uk
1366,aloft-montreal-airport,montreal,can
1367,auberge-bonaparte,montreal,can
1368,auberge-du-vieux-port,montreal,can
1369,auberge-le-pomerol,montreal,can
1370,auberge-ywca-hotel,montreal,can
1371,best-western-europa-downtown,montreal,can
1372,best-western-ville-marie-hotel-suite,montreal,can
1373,candlewood-suites-montreal-centre-ville,montreal,can
1374,chateau-de-l-argoat,montreal,can
1375,chateau-versailles,montreal,can
1376,clarion-hotel-suites-downtown,montreal,can
1377,comfort-hotel-suites-downtown-montreal,montreal,can
1378,comfort-inn-south,montreal,can
1379,courtyard-by-marriott-montreal-airport,montreal,can
1380,courtyard-montreal-downtown,montreal,can
1381,crowne-plaza-hotel-montreal-airport,montreal,can
1382,days-hotel-and-conference-center-montreal-metro,montreal,can
1383,days-inn-montreal-downtown,montreal,can
1384,delta-centre-ville,montreal,can
1385,delta-montreal-hotel,montreal,can
1386,econo-lodge-downtown,montreal,can
1387,embassy-suites-montreal,montreal,can
1388,fairfield-inn-suites-montreal-airport,montreal,can
1389,fairmont-the-queen-elizabeth,montreal,can
1390,gouverneur-hotel-place-dupuis,montreal,can
1391,grand-plaza-montreal-centre-ville,montreal,can
1392,hilton-garden-inn-montreal-centre-ville,montreal,can
1393,hilton-montreal-bonaventure,montreal,can
1394,holiday-inn-express-hotel-suites-montreal-airport,montreal,can
1395,holiday-inn-express-montreal-centre-ville,montreal,can
1396,holiday-inn-montreal-airport,montreal,can
1397,holiday-inn-montreal-midtown,montreal,can
1398,holiday-inn-select-montreal-centre-ville,montreal,can
1399,hotel-7-saisons,montreal,can
1400,hotel-a2k,montreal,can
1401,hotel-auberge-universel,montreal,can
1402,hotel-casa-bella,montreal,can
1403,hotel-champ-de-mars,montreal,can
1404,hotel-dauphin-montreal-downtown,montreal,can
1405,hotel-de-la-couronne,montreal,can
1406,hotel-de-la-montagne,montreal,can
1407,hotel-de-l-elysee,montreal,can
1408,hotel-de-l-institut,montreal,can
1409,hotel-de-paris,montreal,can
1410,hotel-dorion,montreal,can
1411,hotel-du-fort,montreal,can
1412,hotel-du-manoir-saint-denis,montreal,can
1413,hotel-du-nouveau-forum-montreal,montreal,can
1414,hotel-elegant,montreal,can
1415,hotel-eureka,montreal,can
1416,hotel-europeenne,montreal,can
1417,hotel-gault,montreal,can
1418,hotel-kutuma,montreal,can
1419,hotel-les-suites-labelle,montreal,can
1420,hotel-le-bourbon,montreal,can
1421,hotel-le-breton,montreal,can
1422,hotel-le-crystal,montreal,can
1423,hotel-le-prestige,montreal,can
1424,hotel-le-rivage,montreal,can
1425,hotel-le-saint-andre,montreal,can
1426,hotel-le-st-james,montreal,can
1427,hotel-l-abri-du-voyageur,montreal,can
1428,hotel-manoir-des-alpes,montreal,can
1429,hotel-maritime-plaza,montreal,can
1430,hotel-montreal-centrale,montreal,can
1431,hotel-nelligan,montreal,can
1432,hotel-omni-mont-royal,montreal,can
1433,hotel-park-avenue,montreal,can
1434,hotel-plateau-royale,montreal,can
1435,hotel-ruby-foo-s,montreal,can
1436,hotel-st-denis,montreal,can
1437,hotel-st-paul,montreal,can
1438,hotel-terrasse-royale,montreal,can
1439,hotel-viger,montreal,can
1440,hotel-villa,montreal,can
1441,hotel-xixe-siecle,montreal,can
1442,hyatt-regency-montreal,montreal,can
1443,intercontinental-montreal,montreal,can
1444,knights-inn-montreal-west,montreal,can
1445,la-presidence-deluxe-apartments,montreal,can
1446,la-residence-du-voyageur,montreal,can
1447,la-tour-belvedere,montreal,can
1448,la-tour-centre-ville,montreal,can
1449,les-studios-hotel,montreal,can
1450,le-1-rene-levesque,montreal,can
1451,le-cantlie-suites-hotel,montreal,can
1452,le-germain-hotel-montreal,montreal,can
1453,le-meridien-versailles,montreal,can
1454,le-montfort,montreal,can
1455,le-nouvel-hotel-montreal,montreal,can
1456,le-petit-hotel,montreal,can
1457,le-place-d-armes-hotel-suites,montreal,can
1458,le-relais-lyonnais,montreal,can
1459,le-roberval,montreal,can
1460,le-saint-malo,montreal,can
1461,le-saint-sulpice,montreal,can
1462,le-square-phillips-hotel-suites,montreal,can
1463,le-westin-montreal,montreal,can
1464,loews-hotel-vogue,montreal,can
1465,lord-berri,montreal,can
1466,l-appartement-hotel,montreal,can
1467,manoir-ambrose,montreal,can
1468,marriott-chateau-champlain,montreal,can
1469,marriott-residence-inn-montreal-airport,montreal,can
1470,mcgill-new-residence-hall,montreal,can
1471,novotel-montreal-center,montreal,can
1472,opus-hotel-montreal,montreal,can
1473,parc-suites-hotel,montreal,can
1474,quality-hotel-downtown,montreal,can
1475,quality-hotel-midtown,montreal,can
1476,quality-inn-downtown,montreal,can
1477,quartier-latin-hotel,montreal,can
1478,red-carpet-inn-parc-olympique,montreal,can
1479,residence-inn-by-marriott-montreal-downtown,montreal,can
1480,residence-inn-montreal-westmount,montreal,can
1481,ritz-carlton-montreal,montreal,can
1482,royal-versailles-hotel,montreal,can
1483,sandman-hotel-montreal-longueuil,montreal,can
1484,sheraton-le-centre-montreal-hotel,montreal,can
1485,sofitel-montreal,montreal,can
1486,springhill-suites-old-montreal,montreal,can
1487,terrace-st-denis,montreal,can
1488,travelodge-montreal-centre,montreal,can
1489,w-montreal,montreal,can
1490,montreal-aloft-montreal-airport,montreal,can
1491,montreal-auberge-bonaparte,montreal,can
1492,montreal-auberge-du-vieux-port,montreal,can
1493,montreal-auberge-le-pomerol,montreal,can
1494,montreal-auberge-ywca-hotel,montreal,can
1495,montreal-best-western-europa-downtown,montreal,can
1496,montreal-best-western-ville-marie-hotel-suite,montreal,can
1497,montreal-candlewood-suites-montreal-centre-ville,montreal,can
1498,montreal-chateau-de-l-argoat,montreal,can
1499,montreal-chateau-versailles,montreal,can
1500,montreal-clarion-hotel-suites-downtown,montreal,can
1501,montreal-comfort-hotel-suites-downtown-montreal,montreal,can
1502,montreal-comfort-inn-south,montreal,can
1503,montreal-courtyard-by-marriott-montreal-airport,montreal,can
1504,montreal-courtyard-montreal-downtown,montreal,can
1505,montreal-crowne-plaza-hotel-montreal-airport,montreal,can
1506,montreal-days-hotel-and-conference-center-montreal-metro,montreal,can
1507,montreal-days-inn-montreal-downtown,montreal,can
1508,montreal-delta-centre-ville,montreal,can
1509,montreal-delta-montreal-hotel,montreal,can
1510,montreal-econo-lodge-downtown,montreal,can
1511,montreal-embassy-suites-montreal,montreal,can
1512,montreal-fairfield-inn-suites-montreal-airport,montreal,can
1513,montreal-fairmont-the-queen-elizabeth,montreal,can
1514,montreal-gouverneur-hotel-place-dupuis,montreal,can
1515,montreal-grand-plaza-montreal-centre-ville,montreal,can
1516,montreal-hilton-garden-inn-montreal-centre-ville,montreal,can
1517,montreal-hilton-montreal-bonaventure,montreal,can
1518,montreal-holiday-inn-express-hotel-suites-montreal-airport,montreal,can
1519,montreal-holiday-inn-express-montreal-centre-ville,montreal,can
1520,montreal-holiday-inn-montreal-airport,montreal,can
1521,montreal-holiday-inn-montreal-midtown,montreal,can
1522,montreal-holiday-inn-select-montreal-centre-ville,montreal,can
1523,montreal-hotel-7-saisons,montreal,can
1524,montreal-hotel-a2k,montreal,can
1525,montreal-hotel-auberge-universel,montreal,can
1526,montreal-hotel-casa-bella,montreal,can
1527,montreal-hotel-champ-de-mars,montreal,can
1528,montreal-hotel-dauphin-montreal-downtown,montreal,can
1529,montreal-hotel-de-la-couronne,montreal,can
1530,montreal-hotel-de-la-montagne,montreal,can
1531,montreal-hotel-de-l-elysee,montreal,can
1532,montreal-hotel-de-l-institut,montreal,can
1533,montreal-hotel-de-paris,montreal,can
1534,montreal-hotel-dorion,montreal,can
1535,montreal-hotel-du-fort,montreal,can
1536,montreal-hotel-du-manoir-saint-denis,montreal,can
1537,montreal-hotel-du-nouveau-forum-montreal,montreal,can
1538,montreal-hotel-elegant,montreal,can
1539,montreal-hotel-eureka,montreal,can
1540,montreal-hotel-europeenne,montreal,can
1541,montreal-hotel-gault,montreal,can
1542,montreal-hotel-kutuma,montreal,can
1543,montreal-hotel-les-suites-labelle,montreal,can
1544,montreal-hotel-le-bourbon,montreal,can
1545,montreal-hotel-le-breton,montreal,can
1546,montreal-hotel-le-crystal,montreal,can
1547,montreal-hotel-le-prestige,montreal,can
1548,montreal-hotel-le-rivage,montreal,can
1549,montreal-hotel-le-saint-andre,montreal,can
1550,montreal-hotel-le-st-james,montreal,can
1551,montreal-hotel-l-abri-du-voyageur,montreal,can
1552,montreal-hotel-manoir-des-alpes,montreal,can
1553,montreal-hotel-maritime-plaza,montreal,can
1554,montreal-hotel-montreal-centrale,montreal,can
1555,montreal-hotel-nelligan,montreal,can
1556,montreal-hotel-omni-mont-royal,montreal,can
1557,montreal-hotel-park-avenue,montreal,can
1558,montreal-hotel-plateau-royale,montreal,can
1559,montreal-hotel-ruby-foo-s,montreal,can
1560,montreal-hotel-st-denis,montreal,can
1561,montreal-hotel-st-paul,montreal,can
1562,montreal-hotel-terrasse-royale,montreal,can
1563,montreal-hotel-viger,montreal,can
1564,montreal-hotel-villa,montreal,can
1565,montreal-hotel-xixe-siecle,montreal,can
1566,montreal-hyatt-regency-montreal,montreal,can
1567,montreal-intercontinental-montreal,montreal,can
1568,montreal-knights-inn-montreal-west,montreal,can
1569,montreal-la-presidence-deluxe-apartments,montreal,can
1570,montreal-la-residence-du-voyageur,montreal,can
1571,montreal-la-tour-belvedere,montreal,can
1572,montreal-la-tour-centre-ville,montreal,can
1573,montreal-les-studios-hotel,montreal,can
1574,montreal-le-1-rene-levesque,montreal,can
1575,montreal-le-cantlie-suites-hotel,montreal,can
1576,montreal-le-germain-hotel-montreal,montreal,can
1577,montreal-le-meridien-versailles,montreal,can
1578,montreal-le-montfort,montreal,can
1579,montreal-le-nouvel-hotel-montreal,montreal,can
1580,montreal-le-petit-hotel,montreal,can
1581,montreal-le-place-d-armes-hotel-suites,montreal,can
1582,montreal-le-relais-lyonnais,montreal,can
1583,montreal-le-roberval,montreal,can
1584,montreal-le-saint-malo,montreal,can
1585,montreal-le-saint-sulpice,montreal,can
1586,montreal-le-square-phillips-hotel-suites,montreal,can
1587,montreal-le-westin-montreal,montreal,can
1588,montreal-loews-hotel-vogue,montreal,can
1589,montreal-lord-berri,montreal,can
1590,montreal-l-appartement-hotel,montreal,can
1591,montreal-manoir-ambrose,montreal,can
1592,montreal-marriott-chateau-champlain,montreal,can
1593,montreal-marriott-residence-inn-montreal-airport,montreal,can
1594,montreal-mcgill-new-residence-hall,montreal,can
1595,montreal-novotel-montreal-center,montreal,can
1596,montreal-opus-hotel-montreal,montreal,can
1597,montreal-parc-suites-hotel,montreal,can
1598,montreal-quality-hotel-downtown,montreal,can
1599,montreal-quality-hotel-midtown,montreal,can
1600,montreal-quality-inn-downtown,montreal,can
1601,montreal-quartier-latin-hotel,montreal,can
1602,montreal-red-carpet-inn-parc-olympique,montreal,can
1603,montreal-residence-inn-by-marriott-montreal-downtown,montreal,can
1604,montreal-residence-inn-montreal-westmount,montreal,can
1605,montreal-ritz-carlton-montreal,montreal,can
1606,montreal-royal-versailles-hotel,montreal,can
1607,montreal-sandman-hotel-montreal-longueuil,montreal,can
1608,montreal-sheraton-le-centre-montreal-hotel,montreal,can
1609,montreal-sofitel-montreal,montreal,can
1610,montreal-springhill-suites-old-montreal,montreal,can
1611,montreal-terrace-st-denis,montreal,can
1612,montreal-travelodge-montreal-centre,montreal,can
1613,montreal-w-montreal,montreal,can
1614,airport-hotel,new-delhi,india
1615,ajanta-hotel,new-delhi,india
1616,ajay-guest-house,new-delhi,india
1617,aman-new-delhi,new-delhi,india
1618,amarya-garden,new-delhi,india
1619,ambassador-hotel,new-delhi,india
1620,ananda-hotel,new-delhi,india
1621,ashok-country-resort,new-delhi,india
1622,ashok-hotel,new-delhi,india
1623,atrium-hotel-and-conferencing-center,new-delhi,india
1624,avalon-courtyard,new-delhi,india
1625,claremont-hotel-and-convention-centre,new-delhi,india
1626,clarion-collection-qutab-hotel-apartments,new-delhi,india
1627,conclave-comfort,new-delhi,india
1628,corus-hotel,new-delhi,india
1629,cottage-yes-please,new-delhi,india
1630,crest-inn-hotel-new-delhi,new-delhi,india
1631,crowne-plaza-delhi,new-delhi,india
1632,ginger-new-delhi,new-delhi,india
1633,grand-godwin-hotel,new-delhi,india
1634,grand-sartaj-hotel,new-delhi,india
1635,hans-plaza,new-delhi,india
1636,hotel-55,new-delhi,india
1637,hotel-alka,new-delhi,india
1638,hotel-apra-inn,new-delhi,india
1639,hotel-aster-inn,new-delhi,india
1640,hotel-balaji-deluxe,new-delhi,india
1641,hotel-broadway,new-delhi,india
1642,hotel-chand-palace,new-delhi,india
1643,hotel-city-park,new-delhi,india
1644,hotel-clark-heights,new-delhi,india
1645,hotel-clark-international,new-delhi,india
1646,hotel-classic,new-delhi,india
1647,hotel-c-park-inn,new-delhi,india
1648,hotel-dee-marks,new-delhi,india
1649,hotel-delhi-city-centre,new-delhi,india
1650,hotel-express-66,new-delhi,india
1651,hotel-florence,new-delhi,india
1652,hotel-good-palace,new-delhi,india
1653,hotel-grand-park-inn,new-delhi,india
1654,hotel-grand-peepal,new-delhi,india
1655,hotel-janpath-ashok,new-delhi,india
1656,hotel-jukaso-down-town,new-delhi,india
1657,hotel-lal-s-haveli,new-delhi,india
1658,hotel-legend-international,new-delhi,india
1659,hotel-le-roi,new-delhi,india
1660,hotel-lohias,new-delhi,india
1661,hotel-madonna,new-delhi,india
1662,hotel-mehar-castle,new-delhi,india
1663,hotel-metro-heights,new-delhi,india
1664,hotel-mohan-international,new-delhi,india
1665,hotel-namaskar,new-delhi,india
1666,hotel-omni,new-delhi,india
1667,hotel-palace-heights,new-delhi,india
1668,hotel-pearl-plaza,new-delhi,india
1669,hotel-perfect,new-delhi,india
1670,hotel-prince-international,new-delhi,india
1671,hotel-prince-polonia,new-delhi,india
1672,hotel-rak-international,new-delhi,india
1673,hotel-raunak-international,new-delhi,india
1674,hotel-regent-continental,new-delhi,india
1675,hotel-royal-holidays,new-delhi,india
1676,hotel-shanti-palace,new-delhi,india
1677,hotel-singh-sahib,new-delhi,india
1678,hotel-singh-sons,new-delhi,india
1679,hotel-southern,new-delhi,india
1680,hotel-sri-nanak-continental,new-delhi,india
1681,hotel-sunrise,new-delhi,india
1682,hotel-sunstar-grand,new-delhi,india
1683,hotel-sunstar-heritage,new-delhi,india
1684,hotel-sunstar-residency,new-delhi,india
1685,hotel-swati,new-delhi,india
1686,hotel-swati-deluxe,new-delhi,india
1687,hotel-tara-palace,new-delhi,india
1688,hotel-vikram,new-delhi,india
1689,hotel-welcome-palace,new-delhi,india
1690,hotel-westend-inn,new-delhi,india
1691,hotel-white-house,new-delhi,india
1692,hyatt-regency-delhi,new-delhi,india
1693,indraprastha-hotel,new-delhi,india
1694,intercontinental-eros-nehru-place,new-delhi,india
1695,itc-maurya-new-delhi,new-delhi,india
1696,jaypee-siddharth,new-delhi,india
1697,jaypee-vasant-continental,new-delhi,india
1698,jukaso-inn-downtown,new-delhi,india
1699,le-meridien-new-delhi,new-delhi,india
1700,maharani-guesthouse,new-delhi,india
1701,maidens-hotel,new-delhi,india
1702,marina-hotel-new-delhi,new-delhi,india
1703,megha-palace,new-delhi,india
1704,megha-sheraton,new-delhi,india
1705,metropolis-tourist-home,new-delhi,india
1706,oberoi-new-delhi,new-delhi,india
1707,pablas-international-hotel,new-delhi,india
1708,pamposh-guest-house,new-delhi,india
1709,petite-hotels,new-delhi,india
1710,radisson-hotel-delhi,new-delhi,india
1711,rahul-palace-hotel,new-delhi,india
1712,ramada-plaza-new-delhi,new-delhi,india
1713,raunak-plaza,new-delhi,india
1714,rockland-inn,new-delhi,india
1715,samrat-hotel,new-delhi,india
1716,shangri-la-hotel-new-delhi,new-delhi,india
1717,shanti-home,new-delhi,india
1718,sheraton-new-delhi,new-delhi,india
1719,shervani-new-delhi,new-delhi,india
1720,silver-ferns-hotel,new-delhi,india
1721,suncourt-hotel-yatri,new-delhi,india
1722,svelte-hotel-and-personal-suites,new-delhi,india
1723,taj-mahal-hotel,new-delhi,india
1724,taj-palace-hotel,new-delhi,india
1725,the-amber,new-delhi,india
1726,the-claridges,new-delhi,india
1727,the-connaught,new-delhi,india
1728,the-florence-inn,new-delhi,india
1729,the-grand-inn,new-delhi,india
1730,the-grand-new-delhi,new-delhi,india
1731,the-hans-new-delhi,new-delhi,india
1732,the-imperial,new-delhi,india
1733,the-lalit-new-delhi,new-delhi,india
1734,the-manor,new-delhi,india
1735,the-metropolitan-hotel-new-delhi,new-delhi,india
1736,the-muse-hotel,new-delhi,india
1737,the-park-new-delhi,new-delhi,india
1738,the-tivoli-garden-resort,new-delhi,india
1739,uppal-s-orchid-an-ecotel-hotel,new-delhi,india
1740,velvet-apple,new-delhi,india
1741,vivek-hotel,new-delhi,india
1742,york-hotel,new-delhi,india
1743,yuvraj-deluxe-hotel,new-delhi,india
1744,yuvraj-deluxe-hotel,new-york-city,usa
1745,yuvraj-deluxe-hotel,new-york-city,usa
1746,yuvraj-deluxe-hotel,new-york-city,usa
1747,yuvraj-deluxe-hotel,new-york-city,usa
1748,yuvraj-deluxe-hotel,new-york-city,usa
1749,yuvraj-deluxe-hotel,new-york-city,usa
1750,yuvraj-deluxe-hotel,new-york-city,usa
1751,yuvraj-deluxe-hotel,new-york-city,usa
1752,yuvraj-deluxe-hotel,new-york-city,usa
1753,yuvraj-deluxe-hotel,new-york-city,usa
1754,yuvraj-deluxe-hotel,new-york-city,usa
1755,yuvraj-deluxe-hotel,new-york-city,usa
1756,yuvraj-deluxe-hotel,new-york-city,usa
1757,yuvraj-deluxe-hotel,new-york-city,usa
1758,yuvraj-deluxe-hotel,new-york-city,usa
1759,yuvraj-deluxe-hotel,new-york-city,usa
1760,yuvraj-deluxe-hotel,new-york-city,usa
1761,yuvraj-deluxe-hotel,new-york-city,usa
1762,yuvraj-deluxe-hotel,new-york-city,usa
1763,yuvraj-deluxe-hotel,new-york-city,usa
1764,yuvraj-deluxe-hotel,new-york-city,usa
1765,yuvraj-deluxe-hotel,new-york-city,usa
1766,yuvraj-deluxe-hotel,new-york-city,usa
1767,yuvraj-deluxe-hotel,new-york-city,usa
1768,yuvraj-deluxe-hotel,new-york-city,usa
1769,yuvraj-deluxe-hotel,new-york-city,usa
1770,yuvraj-deluxe-hotel,new-york-city,usa
1771,yuvraj-deluxe-hotel,new-york-city,usa
1772,yuvraj-deluxe-hotel,new-york-city,usa
1773,yuvraj-deluxe-hotel,new-york-city,usa
1774,yuvraj-deluxe-hotel,new-york-city,usa
1775,yuvraj-deluxe-hotel,new-york-city,usa
1776,yuvraj-deluxe-hotel,new-york-city,usa
1777,yuvraj-deluxe-hotel,new-york-city,usa
1778,yuvraj-deluxe-hotel,new-york-city,usa
1779,yuvraj-deluxe-hotel,new-york-city,usa
1780,yuvraj-deluxe-hotel,new-york-city,usa
1781,yuvraj-deluxe-hotel,new-york-city,usa
1782,yuvraj-deluxe-hotel,new-york-city,usa
1783,yuvraj-deluxe-hotel,new-york-city,usa
1784,yuvraj-deluxe-hotel,new-york-city,usa
1785,yuvraj-deluxe-hotel,new-york-city,usa
1786,yuvraj-deluxe-hotel,new-york-city,usa
1787,yuvraj-deluxe-hotel,new-york-city,usa
1788,yuvraj-deluxe-hotel,new-york-city,usa
1789,yuvraj-deluxe-hotel,new-york-city,usa
1790,yuvraj-deluxe-hotel,new-york-city,usa
1791,yuvraj-deluxe-hotel,new-york-city,usa
1792,yuvraj-deluxe-hotel,new-york-city,usa
1793,yuvraj-deluxe-hotel,new-york-city,usa
1794,yuvraj-deluxe-hotel,new-york-city,usa
1795,yuvraj-deluxe-hotel,new-york-city,usa
1796,yuvraj-deluxe-hotel,new-york-city,usa
1797,yuvraj-deluxe-hotel,new-york-city,usa
1798,yuvraj-deluxe-hotel,new-york-city,usa
1799,yuvraj-deluxe-hotel,new-york-city,usa
1800,yuvraj-deluxe-hotel,new-york-city,usa
1801,yuvraj-deluxe-hotel,new-york-city,usa
1802,yuvraj-deluxe-hotel,new-york-city,usa
1803,yuvraj-deluxe-hotel,new-york-city,usa
1804,yuvraj-deluxe-hotel,new-york-city,usa
1805,yuvraj-deluxe-hotel,new-york-city,usa
1806,yuvraj-deluxe-hotel,new-york-city,usa
1807,yuvraj-deluxe-hotel,new-york-city,usa
1808,yuvraj-deluxe-hotel,new-york-city,usa
1809,yuvraj-deluxe-hotel,new-york-city,usa
1810,yuvraj-deluxe-hotel,new-york-city,usa
1811,yuvraj-deluxe-hotel,new-york-city,usa
1812,yuvraj-deluxe-hotel,new-york-city,usa
1813,yuvraj-deluxe-hotel,new-york-city,usa
1814,yuvraj-deluxe-hotel,new-york-city,usa
1815,yuvraj-deluxe-hotel,new-york-city,usa
1816,yuvraj-deluxe-hotel,new-york-city,usa
1817,yuvraj-deluxe-hotel,new-york-city,usa
1818,yuvraj-deluxe-hotel,new-york-city,usa
1819,yuvraj-deluxe-hotel,new-york-city,usa
1820,yuvraj-deluxe-hotel,new-york-city,usa
1821,yuvraj-deluxe-hotel,new-york-city,usa
1822,yuvraj-deluxe-hotel,new-york-city,usa
1823,yuvraj-deluxe-hotel,new-york-city,usa
1824,yuvraj-deluxe-hotel,new-york-city,usa
1825,yuvraj-deluxe-hotel,new-york-city,usa
1826,yuvraj-deluxe-hotel,new-york-city,usa
1827,yuvraj-deluxe-hotel,new-york-city,usa
1828,yuvraj-deluxe-hotel,new-york-city,usa
1829,yuvraj-deluxe-hotel,new-york-city,usa
1830,yuvraj-deluxe-hotel,new-york-city,usa
1831,yuvraj-deluxe-hotel,new-york-city,usa
1832,yuvraj-deluxe-hotel,new-york-city,usa
1833,yuvraj-deluxe-hotel,new-york-city,usa
1834,yuvraj-deluxe-hotel,new-york-city,usa
1835,yuvraj-deluxe-hotel,new-york-city,usa
1836,yuvraj-deluxe-hotel,new-york-city,usa
1837,yuvraj-deluxe-hotel,new-york-city,usa
1838,yuvraj-deluxe-hotel,new-york-city,usa
1839,yuvraj-deluxe-hotel,new-york-city,usa
1840,yuvraj-deluxe-hotel,new-york-city,usa
1841,yuvraj-deluxe-hotel,new-york-city,usa
1842,yuvraj-deluxe-hotel,new-york-city,usa
1843,yuvraj-deluxe-hotel,new-york-city,usa
1844,yuvraj-deluxe-hotel,new-york-city,usa
1845,yuvraj-deluxe-hotel,new-york-city,usa
1846,yuvraj-deluxe-hotel,new-york-city,usa
1847,yuvraj-deluxe-hotel,new-york-city,usa
1848,yuvraj-deluxe-hotel,new-york-city,usa
1849,yuvraj-deluxe-hotel,new-york-city,usa
1850,yuvraj-deluxe-hotel,new-york-city,usa
1851,yuvraj-deluxe-hotel,new-york-city,usa
1852,yuvraj-deluxe-hotel,new-york-city,usa
1853,yuvraj-deluxe-hotel,new-york-city,usa
1854,yuvraj-deluxe-hotel,new-york-city,usa
1855,yuvraj-deluxe-hotel,new-york-city,usa
1856,yuvraj-deluxe-hotel,new-york-city,usa
1857,yuvraj-deluxe-hotel,new-york-city,usa
1858,yuvraj-deluxe-hotel,new-york-city,usa
1859,yuvraj-deluxe-hotel,new-york-city,usa
1860,yuvraj-deluxe-hotel,new-york-city,usa
1861,yuvraj-deluxe-hotel,new-york-city,usa
1862,yuvraj-deluxe-hotel,new-york-city,usa
1863,yuvraj-deluxe-hotel,new-york-city,usa
1864,yuvraj-deluxe-hotel,new-york-city,usa
1865,yuvraj-deluxe-hotel,new-york-city,usa
1866,yuvraj-deluxe-hotel,new-york-city,usa
1867,yuvraj-deluxe-hotel,new-york-city,usa
1868,yuvraj-deluxe-hotel,new-york-city,usa
1869,yuvraj-deluxe-hotel,new-york-city,usa
1870,yuvraj-deluxe-hotel,new-york-city,usa
1871,yuvraj-deluxe-hotel,new-york-city,usa
1872,yuvraj-deluxe-hotel,new-york-city,usa
1873,yuvraj-deluxe-hotel,new-york-city,usa
1874,yuvraj-deluxe-hotel,new-york-city,usa
1875,yuvraj-deluxe-hotel,new-york-city,usa
1876,yuvraj-deluxe-hotel,new-york-city,usa
1877,yuvraj-deluxe-hotel,new-york-city,usa
1878,yuvraj-deluxe-hotel,new-york-city,usa
1879,yuvraj-deluxe-hotel,new-york-city,usa
1880,yuvraj-deluxe-hotel,new-york-city,usa
1881,yuvraj-deluxe-hotel,new-york-city,usa
1882,yuvraj-deluxe-hotel,new-york-city,usa
1883,yuvraj-deluxe-hotel,new-york-city,usa
1884,yuvraj-deluxe-hotel,new-york-city,usa
1885,yuvraj-deluxe-hotel,new-york-city,usa
1886,yuvraj-deluxe-hotel,new-york-city,usa
1887,yuvraj-deluxe-hotel,new-york-city,usa
1888,yuvraj-deluxe-hotel,new-york-city,usa
1889,yuvraj-deluxe-hotel,new-york-city,usa
1890,yuvraj-deluxe-hotel,new-york-city,usa
1891,yuvraj-deluxe-hotel,new-york-city,usa
1892,yuvraj-deluxe-hotel,new-york-city,usa
1893,yuvraj-deluxe-hotel,new-york-city,usa
1894,yuvraj-deluxe-hotel,new-york-city,usa
1895,yuvraj-deluxe-hotel,new-york-city,usa
1896,yuvraj-deluxe-hotel,new-york-city,usa
1897,yuvraj-deluxe-hotel,new-york-city,usa
1898,yuvraj-deluxe-hotel,new-york-city,usa
1899,yuvraj-deluxe-hotel,new-york-city,usa
1900,yuvraj-deluxe-hotel,new-york-city,usa
1901,yuvraj-deluxe-hotel,new-york-city,usa
1902,yuvraj-deluxe-hotel,new-york-city,usa
1903,yuvraj-deluxe-hotel,new-york-city,usa
1904,yuvraj-deluxe-hotel,new-york-city,usa
1905,yuvraj-deluxe-hotel,new-york-city,usa
1906,yuvraj-deluxe-hotel,new-york-city,usa
1907,yuvraj-deluxe-hotel,new-york-city,usa
1908,yuvraj-deluxe-hotel,new-york-city,usa
1909,yuvraj-deluxe-hotel,new-york-city,usa
1910,yuvraj-deluxe-hotel,new-york-city,usa
1911,yuvraj-deluxe-hotel,new-york-city,usa
1912,yuvraj-deluxe-hotel,new-york-city,usa
1913,yuvraj-deluxe-hotel,new-york-city,usa
1914,yuvraj-deluxe-hotel,new-york-city,usa
1915,yuvraj-deluxe-hotel,new-york-city,usa
1916,yuvraj-deluxe-hotel,new-york-city,usa
1917,yuvraj-deluxe-hotel,new-york-city,usa
1918,yuvraj-deluxe-hotel,new-york-city,usa
1919,yuvraj-deluxe-hotel,new-york-city,usa
1920,yuvraj-deluxe-hotel,new-york-city,usa
1921,yuvraj-deluxe-hotel,new-york-city,usa
1922,yuvraj-deluxe-hotel,new-york-city,usa
1923,yuvraj-deluxe-hotel,new-york-city,usa
1924,yuvraj-deluxe-hotel,new-york-city,usa
1925,yuvraj-deluxe-hotel,new-york-city,usa
1926,yuvraj-deluxe-hotel,new-york-city,usa
1927,yuvraj-deluxe-hotel,new-york-city,usa
1928,yuvraj-deluxe-hotel,new-york-city,usa
1929,yuvraj-deluxe-hotel,new-york-city,usa
1930,yuvraj-deluxe-hotel,new-york-city,usa
1931,yuvraj-deluxe-hotel,new-york-city,usa
1932,yuvraj-deluxe-hotel,new-york-city,usa
1933,yuvraj-deluxe-hotel,new-york-city,usa
1934,yuvraj-deluxe-hotel,new-york-city,usa
1935,yuvraj-deluxe-hotel,new-york-city,usa
1936,yuvraj-deluxe-hotel,new-york-city,usa
1937,yuvraj-deluxe-hotel,new-york-city,usa
1938,yuvraj-deluxe-hotel,new-york-city,usa
1939,yuvraj-deluxe-hotel,new-york-city,usa
1940,yuvraj-deluxe-hotel,new-york-city,usa
1941,yuvraj-deluxe-hotel,new-york-city,usa
1942,yuvraj-deluxe-hotel,new-york-city,usa
1943,yuvraj-deluxe-hotel,new-york-city,usa
1944,yuvraj-deluxe-hotel,new-york-city,usa
1945,yuvraj-deluxe-hotel,new-york-city,usa
1946,yuvraj-deluxe-hotel,new-york-city,usa
1947,yuvraj-deluxe-hotel,new-york-city,usa
1948,yuvraj-deluxe-hotel,new-york-city,usa
1949,yuvraj-deluxe-hotel,new-york-city,usa
1950,yuvraj-deluxe-hotel,new-york-city,usa
1951,yuvraj-deluxe-hotel,new-york-city,usa
1952,yuvraj-deluxe-hotel,new-york-city,usa
1953,yuvraj-deluxe-hotel,new-york-city,usa
1954,yuvraj-deluxe-hotel,new-york-city,usa
1955,yuvraj-deluxe-hotel,new-york-city,usa
1956,yuvraj-deluxe-hotel,new-york-city,usa
1957,yuvraj-deluxe-hotel,new-york-city,usa
1958,yuvraj-deluxe-hotel,new-york-city,usa
1959,yuvraj-deluxe-hotel,new-york-city,usa
1960,yuvraj-deluxe-hotel,new-york-city,usa
1961,yuvraj-deluxe-hotel,new-york-city,usa
1962,yuvraj-deluxe-hotel,new-york-city,usa
1963,yuvraj-deluxe-hotel,new-york-city,usa
1964,yuvraj-deluxe-hotel,new-york-city,usa
1965,yuvraj-deluxe-hotel,new-york-city,usa
1966,yuvraj-deluxe-hotel,new-york-city,usa
1967,yuvraj-deluxe-hotel,new-york-city,usa
1968,yuvraj-deluxe-hotel,new-york-city,usa
1969,yuvraj-deluxe-hotel,new-york-city,usa
1970,yuvraj-deluxe-hotel,new-york-city,usa
1971,yuvraj-deluxe-hotel,new-york-city,usa
1972,yuvraj-deluxe-hotel,new-york-city,usa
1973,yuvraj-deluxe-hotel,new-york-city,usa
1974,yuvraj-deluxe-hotel,new-york-city,usa
1975,yuvraj-deluxe-hotel,new-york-city,usa
1976,yuvraj-deluxe-hotel,new-york-city,usa
1977,yuvraj-deluxe-hotel,new-york-city,usa
1978,yuvraj-deluxe-hotel,new-york-city,usa
1979,yuvraj-deluxe-hotel,new-york-city,usa
1980,yuvraj-deluxe-hotel,new-york-city,usa
1981,yuvraj-deluxe-hotel,new-york-city,usa
1982,yuvraj-deluxe-hotel,new-york-city,usa
1983,yuvraj-deluxe-hotel,new-york-city,usa
1984,yuvraj-deluxe-hotel,new-york-city,usa
1985,yuvraj-deluxe-hotel,new-york-city,usa
1986,yuvraj-deluxe-hotel,new-york-city,usa
1987,yuvraj-deluxe-hotel,new-york-city,usa
1988,yuvraj-deluxe-hotel,new-york-city,usa
1989,yuvraj-deluxe-hotel,new-york-city,usa
1990,yuvraj-deluxe-hotel,new-york-city,usa
1991,yuvraj-deluxe-hotel,new-york-city,usa
1992,yuvraj-deluxe-hotel,new-york-city,usa
1993,yuvraj-deluxe-hotel,new-york-city,usa
1994,yuvraj-deluxe-hotel,new-york-city,usa
1995,yuvraj-deluxe-hotel,new-york-city,usa
1996,yuvraj-deluxe-hotel,new-york-city,usa
1997,yuvraj-deluxe-hotel,new-york-city,usa
1998,yuvraj-deluxe-hotel,new-york-city,usa
1999,yuvraj-deluxe-hotel,new-york-city,usa
2000,yuvraj-deluxe-hotel,new-york-city,usa
2001,yuvraj-deluxe-hotel,new-york-city,usa
2002,yuvraj-deluxe-hotel,san-francisco,usa
2003,yuvraj-deluxe-hotel,san-francisco,usa
2004,yuvraj-deluxe-hotel,san-francisco,usa
2005,yuvraj-deluxe-hotel,san-francisco,usa
2006,yuvraj-deluxe-hotel,san-francisco,usa
2007,yuvraj-deluxe-hotel,san-francisco,usa
2008,yuvraj-deluxe-hotel,san-francisco,usa
2009,yuvraj-deluxe-hotel,san-francisco,usa
2010,yuvraj-deluxe-hotel,san-francisco,usa
2011,yuvraj-deluxe-hotel,san-francisco,usa
2012,yuvraj-deluxe-hotel,san-francisco,usa
2013,yuvraj-deluxe-hotel,san-francisco,usa
2014,yuvraj-deluxe-hotel,san-francisco,usa
2015,yuvraj-deluxe-hotel,san-francisco,usa
2016,yuvraj-deluxe-hotel,san-francisco,usa
2017,yuvraj-deluxe-hotel,san-francisco,usa
2018,yuvraj-deluxe-hotel,san-francisco,usa
2019,yuvraj-deluxe-hotel,san-francisco,usa
2020,yuvraj-deluxe-hotel,san-francisco,usa
2021,yuvraj-deluxe-hotel,san-francisco,usa
2022,yuvraj-deluxe-hotel,san-francisco,usa
2023,yuvraj-deluxe-hotel,san-francisco,usa
2024,yuvraj-deluxe-hotel,san-francisco,usa
2025,yuvraj-deluxe-hotel,san-francisco,usa
2026,yuvraj-deluxe-hotel,san-francisco,usa
2027,yuvraj-deluxe-hotel,san-francisco,usa
2028,yuvraj-deluxe-hotel,san-francisco,usa
2029,yuvraj-deluxe-hotel,san-francisco,usa
2030,yuvraj-deluxe-hotel,san-francisco,usa
2031,yuvraj-deluxe-hotel,san-francisco,usa
2032,yuvraj-deluxe-hotel,san-francisco,usa
2033,yuvraj-deluxe-hotel,san-francisco,usa
2034,yuvraj-deluxe-hotel,san-francisco,usa
2035,yuvraj-deluxe-hotel,san-francisco,usa
2036,yuvraj-deluxe-hotel,san-francisco,usa
2037,yuvraj-deluxe-hotel,san-francisco,usa
2038,yuvraj-deluxe-hotel,san-francisco,usa
2039,yuvraj-deluxe-hotel,san-francisco,usa
2040,yuvraj-deluxe-hotel,san-francisco,usa
2041,yuvraj-deluxe-hotel,san-francisco,usa
2042,yuvraj-deluxe-hotel,san-francisco,usa
2043,yuvraj-deluxe-hotel,san-francisco,usa
2044,yuvraj-deluxe-hotel,san-francisco,usa
2045,yuvraj-deluxe-hotel,san-francisco,usa
2046,yuvraj-deluxe-hotel,san-francisco,usa
2047,yuvraj-deluxe-hotel,san-francisco,usa
2048,yuvraj-deluxe-hotel,san-francisco,usa
2049,yuvraj-deluxe-hotel,san-francisco,usa
2050,yuvraj-deluxe-hotel,san-francisco,usa
2051,yuvraj-deluxe-hotel,san-francisco,usa
2052,yuvraj-deluxe-hotel,san-francisco,usa
2053,yuvraj-deluxe-hotel,san-francisco,usa
2054,yuvraj-deluxe-hotel,san-francisco,usa
2055,yuvraj-deluxe-hotel,san-francisco,usa
2056,yuvraj-deluxe-hotel,san-francisco,usa
2057,yuvraj-deluxe-hotel,san-francisco,usa
2058,yuvraj-deluxe-hotel,san-francisco,usa
2059,yuvraj-deluxe-hotel,san-francisco,usa
2060,yuvraj-deluxe-hotel,san-francisco,usa
2061,yuvraj-deluxe-hotel,san-francisco,usa
2062,yuvraj-deluxe-hotel,san-francisco,usa
2063,yuvraj-deluxe-hotel,san-francisco,usa
2064,yuvraj-deluxe-hotel,san-francisco,usa
2065,yuvraj-deluxe-hotel,san-francisco,usa
2066,yuvraj-deluxe-hotel,san-francisco,usa
2067,yuvraj-deluxe-hotel,san-francisco,usa
2068,yuvraj-deluxe-hotel,san-francisco,usa
2069,yuvraj-deluxe-hotel,san-francisco,usa
2070,yuvraj-deluxe-hotel,san-francisco,usa
2071,yuvraj-deluxe-hotel,san-francisco,usa
2072,yuvraj-deluxe-hotel,san-francisco,usa
2073,yuvraj-deluxe-hotel,san-francisco,usa
2074,yuvraj-deluxe-hotel,san-francisco,usa
2075,yuvraj-deluxe-hotel,san-francisco,usa
2076,yuvraj-deluxe-hotel,san-francisco,usa
2077,yuvraj-deluxe-hotel,san-francisco,usa
2078,yuvraj-deluxe-hotel,san-francisco,usa
2079,yuvraj-deluxe-hotel,san-francisco,usa
2080,yuvraj-deluxe-hotel,san-francisco,usa
2081,yuvraj-deluxe-hotel,san-francisco,usa
2082,yuvraj-deluxe-hotel,san-francisco,usa
2083,yuvraj-deluxe-hotel,san-francisco,usa
2084,yuvraj-deluxe-hotel,san-francisco,usa
2085,yuvraj-deluxe-hotel,san-francisco,usa
2086,yuvraj-deluxe-hotel,san-francisco,usa
2087,yuvraj-deluxe-hotel,san-francisco,usa
2088,yuvraj-deluxe-hotel,san-francisco,usa
2089,yuvraj-deluxe-hotel,san-francisco,usa
2090,yuvraj-deluxe-hotel,san-francisco,usa
2091,yuvraj-deluxe-hotel,san-francisco,usa
2092,yuvraj-deluxe-hotel,san-francisco,usa
2093,yuvraj-deluxe-hotel,san-francisco,usa
2094,yuvraj-deluxe-hotel,san-francisco,usa
2095,yuvraj-deluxe-hotel,san-francisco,usa
2096,yuvraj-deluxe-hotel,san-francisco,usa
2097,yuvraj-deluxe-hotel,san-francisco,usa
2098,yuvraj-deluxe-hotel,san-francisco,usa
2099,yuvraj-deluxe-hotel,san-francisco,usa
2100,yuvraj-deluxe-hotel,san-francisco,usa
2101,yuvraj-deluxe-hotel,san-francisco,usa
2102,yuvraj-deluxe-hotel,san-francisco,usa
2103,yuvraj-deluxe-hotel,san-francisco,usa
2104,yuvraj-deluxe-hotel,san-francisco,usa
2105,yuvraj-deluxe-hotel,san-francisco,usa
2106,yuvraj-deluxe-hotel,san-francisco,usa
2107,yuvraj-deluxe-hotel,san-francisco,usa
2108,yuvraj-deluxe-hotel,san-francisco,usa
2109,yuvraj-deluxe-hotel,san-francisco,usa
2110,yuvraj-deluxe-hotel,san-francisco,usa
2111,yuvraj-deluxe-hotel,san-francisco,usa
2112,yuvraj-deluxe-hotel,san-francisco,usa
2113,yuvraj-deluxe-hotel,san-francisco,usa
2114,yuvraj-deluxe-hotel,san-francisco,usa
2115,yuvraj-deluxe-hotel,san-francisco,usa
2116,yuvraj-deluxe-hotel,san-francisco,usa
2117,yuvraj-deluxe-hotel,san-francisco,usa
2118,yuvraj-deluxe-hotel,san-francisco,usa
2119,yuvraj-deluxe-hotel,san-francisco,usa
2120,yuvraj-deluxe-hotel,san-francisco,usa
2121,yuvraj-deluxe-hotel,san-francisco,usa
2122,yuvraj-deluxe-hotel,san-francisco,usa
2123,yuvraj-deluxe-hotel,san-francisco,usa
2124,yuvraj-deluxe-hotel,san-francisco,usa
2125,yuvraj-deluxe-hotel,san-francisco,usa
2126,yuvraj-deluxe-hotel,san-francisco,usa
2127,yuvraj-deluxe-hotel,san-francisco,usa
2128,yuvraj-deluxe-hotel,san-francisco,usa
2129,yuvraj-deluxe-hotel,san-francisco,usa
2130,yuvraj-deluxe-hotel,san-francisco,usa
2131,yuvraj-deluxe-hotel,san-francisco,usa
2132,yuvraj-deluxe-hotel,san-francisco,usa
2133,yuvraj-deluxe-hotel,san-francisco,usa
2134,yuvraj-deluxe-hotel,san-francisco,usa
2135,yuvraj-deluxe-hotel,san-francisco,usa
2136,yuvraj-deluxe-hotel,san-francisco,usa
2137,yuvraj-deluxe-hotel,san-francisco,usa
2138,yuvraj-deluxe-hotel,san-francisco,usa
2139,yuvraj-deluxe-hotel,san-francisco,usa
2140,yuvraj-deluxe-hotel,san-francisco,usa
2141,yuvraj-deluxe-hotel,san-francisco,usa
2142,yuvraj-deluxe-hotel,san-francisco,usa
2143,yuvraj-deluxe-hotel,san-francisco,usa
2144,yuvraj-deluxe-hotel,san-francisco,usa
2145,yuvraj-deluxe-hotel,san-francisco,usa
2146,yuvraj-deluxe-hotel,san-francisco,usa
2147,yuvraj-deluxe-hotel,san-francisco,usa
2148,yuvraj-deluxe-hotel,san-francisco,usa
2149,yuvraj-deluxe-hotel,san-francisco,usa
2150,yuvraj-deluxe-hotel,san-francisco,usa
2151,yuvraj-deluxe-hotel,san-francisco,usa
2152,yuvraj-deluxe-hotel,san-francisco,usa
2153,yuvraj-deluxe-hotel,san-francisco,usa
2154,yuvraj-deluxe-hotel,san-francisco,usa
2155,yuvraj-deluxe-hotel,san-francisco,usa
2156,yuvraj-deluxe-hotel,san-francisco,usa
2157,yuvraj-deluxe-hotel,san-francisco,usa
2158,yuvraj-deluxe-hotel,san-francisco,usa
2159,yuvraj-deluxe-hotel,san-francisco,usa
2160,yuvraj-deluxe-hotel,san-francisco,usa
2161,yuvraj-deluxe-hotel,san-francisco,usa
2162,yuvraj-deluxe-hotel,san-francisco,usa
2163,yuvraj-deluxe-hotel,san-francisco,usa
2164,yuvraj-deluxe-hotel,san-francisco,usa
2165,yuvraj-deluxe-hotel,san-francisco,usa
2166,yuvraj-deluxe-hotel,san-francisco,usa
2167,yuvraj-deluxe-hotel,san-francisco,usa
2168,yuvraj-deluxe-hotel,san-francisco,usa
2169,yuvraj-deluxe-hotel,san-francisco,usa
2170,yuvraj-deluxe-hotel,san-francisco,usa
2171,yuvraj-deluxe-hotel,san-francisco,usa
2172,yuvraj-deluxe-hotel,san-francisco,usa
2173,yuvraj-deluxe-hotel,san-francisco,usa
2174,yuvraj-deluxe-hotel,san-francisco,usa
2175,yuvraj-deluxe-hotel,san-francisco,usa
2176,yuvraj-deluxe-hotel,san-francisco,usa
2177,yuvraj-deluxe-hotel,san-francisco,usa
2178,yuvraj-deluxe-hotel,san-francisco,usa
2179,yuvraj-deluxe-hotel,san-francisco,usa
2180,yuvraj-deluxe-hotel,san-francisco,usa
2181,yuvraj-deluxe-hotel,san-francisco,usa
2182,yuvraj-deluxe-hotel,san-francisco,usa
2183,yuvraj-deluxe-hotel,san-francisco,usa
2184,yuvraj-deluxe-hotel,san-francisco,usa
2185,yuvraj-deluxe-hotel,san-francisco,usa
2186,yuvraj-deluxe-hotel,san-francisco,usa
2187,yuvraj-deluxe-hotel,san-francisco,usa
2188,yuvraj-deluxe-hotel,san-francisco,usa
2189,yuvraj-deluxe-hotel,san-francisco,usa
2190,yuvraj-deluxe-hotel,san-francisco,usa
2191,yuvraj-deluxe-hotel,san-francisco,usa
2192,yuvraj-deluxe-hotel,san-francisco,usa
2193,yuvraj-deluxe-hotel,san-francisco,usa
2194,yuvraj-deluxe-hotel,san-francisco,usa
2195,yuvraj-deluxe-hotel,san-francisco,usa
2196,yuvraj-deluxe-hotel,san-francisco,usa
2197,yuvraj-deluxe-hotel,san-francisco,usa
2198,yuvraj-deluxe-hotel,san-francisco,usa
2199,yuvraj-deluxe-hotel,san-francisco,usa
2200,yuvraj-deluxe-hotel,san-francisco,usa
2201,yuvraj-deluxe-hotel,san-francisco,usa
2202,yuvraj-deluxe-hotel,san-francisco,usa
2203,yuvraj-deluxe-hotel,san-francisco,usa
2204,yuvraj-deluxe-hotel,san-francisco,usa
2205,yuvraj-deluxe-hotel,san-francisco,usa
2206,yuvraj-deluxe-hotel,san-francisco,usa
2207,yuvraj-deluxe-hotel,san-francisco,usa
2208,yuvraj-deluxe-hotel,san-francisco,usa
2209,yuvraj-deluxe-hotel,san-francisco,usa
2210,yuvraj-deluxe-hotel,san-francisco,usa
2211,yuvraj-deluxe-hotel,san-francisco,usa
2212,yuvraj-deluxe-hotel,san-francisco,usa
2213,yuvraj-deluxe-hotel,san-francisco,usa
2214,yuvraj-deluxe-hotel,san-francisco,usa
2215,yuvraj-deluxe-hotel,san-francisco,usa
2216,88-xintiandi-executive-residence,shanghai,china
2217,an-ting-villa-hotel-shanghai,shanghai,china
2218,ascott-pudong,shanghai,china
2219,asset-hotel-shanghai,shanghai,china
2220,bailemen-hotel,shanghai,china
2221,barony-wanyuan-hotel,shanghai,china
2222,best-western-shanghai-ruite-hotel,shanghai,china
2223,broadway-mansions-hotel,shanghai,china
2224,central-hotel-shanghai,shanghai,china
2225,central-view-suites,shanghai,china
2226,citadines-apart-hotel-jinqiao,shanghai,china
2227,city-hotel-shanghai,shanghai,china
2228,courtyard-by-marriott-shanghai-pudong,shanghai,china
2229,courtyard-shanghai-xujiahui,shanghai,china
2230,crowne-plaza-century-park-shanghai,shanghai,china
2231,crowne-plaza-shanghai,shanghai,china
2232,crowne-plaza-shanghai-fudan,shanghai,china
2233,crowne-plaza-shanghai-pudong,shanghai,china
2234,days-hotel-shanghai,shanghai,china
2235,donghu-guest-house,shanghai,china
2236,four-points-by-sheraton-shanghai,shanghai,china
2237,four-points-by-sheraton-shanghai-daning,shanghai,china
2238,four-seasons-hotel-shanghai,shanghai,china
2239,fraser-residence-shanghai,shanghai,china
2240,galaxy-hotel,shanghai,china
2241,gallery-suites,shanghai,china
2242,golden-jade-sunshine-hotel,shanghai,china
2243,grand-hyatt-shanghai,shanghai,china
2244,grand-mercure-baolong-shanghai,shanghai,china
2245,grand-mercure-hongqiao-shanghai,shanghai,china
2246,hengshan-picardie-hotel,shanghai,china
2247,hengsheng-peninsula-international-hotel,shanghai,china
2248,hilton-shanghai,shanghai,china
2249,holiday-inn-downtown-shanghai,shanghai,china
2250,holiday-inn-express-putuo-shanghai,shanghai,china
2251,holiday-inn-express-shanghai-jinqiao,shanghai,china
2252,holiday-inn-pudong-hotel,shanghai,china
2253,holiday-inn-vista-shanghai,shanghai,china
2254,hong-qiao-state-guest-hotel,shanghai,china
2255,hotel-carolina,shanghai,china
2256,hotel-equatorial-shanghai,shanghai,china
2257,hotel-ibis-shanghai-lianyang,shanghai,china
2258,hotel-yun-s-paradise,shanghai,china
2259,house-inn-shanghai-caobao-road,shanghai,china
2260,howard-johnson-all-suites-hotel,shanghai,china
2261,howard-johnson-business-club-hotel-shanghai,shanghai,china
2262,howard-johnson-huaihai-hotel,shanghai,china
2263,howard-johnson-plaza-hotel-shanghai,shanghai,china
2264,hua-ting-hotel-towers,shanghai,china
2265,hyatt-on-the-bund,shanghai,china
2266,intercontinental-shanghai-pudong,shanghai,china
2267,ivy-hotel-shanghai,shanghai,china
2268,jianguo-hotel,shanghai,china
2269,jia-shanghai,shanghai,china
2270,jin-jiang-hotel,shanghai,china
2271,jin-jiang-tower-hotel,shanghai,china
2272,jw-marriott-hotel-shanghai-at-tomorrow-square,shanghai,china
2273,lansheng-hotel-shanghai,shanghai,china
2274,le-royal-meridien-shanghai,shanghai,china
2275,majesty-plaza-shanghai,shanghai,china
2276,manhattan-business-hotel,shanghai,china
2277,mansion-hotel,shanghai,china
2278,marriott-executive-apartments-pudong-shanghai,shanghai,china
2279,mason-hotel-shanghai,shanghai,china
2280,mayfair-hotel-shanghai,shanghai,china
2281,millennium-hongqiao-hotel-shanghai,shanghai,china
2282,motel-168-shanghai-pudong-airport,shanghai,china
2283,nanjing-hotel,shanghai,china
2284,new-asia-hotel,shanghai,china
2285,new-harbour-serviced-apartments,shanghai,china
2286,novotel-atlantis-shanghai,shanghai,china
2287,okura-garden-hotel-shanghai,shanghai,china
2288,oriental-riverside-hotel,shanghai,china
2289,pacific-hotel,shanghai,china
2290,parkyard-hotel-shanghai,shanghai,china
2291,park-hotel-shanghai,shanghai,china
2292,park-hyatt-shanghai,shanghai,china
2293,peace-hotel,shanghai,china
2294,peninsula-shanghai,shanghai,china
2295,portman-ritz-carlton-shanghai,shanghai,china
2296,pudi-boutique-hotel,shanghai,china
2297,pudong-shangri-la-shanghai,shanghai,china
2298,pullman-shanghai-skyway-hotel,shanghai,china
2299,purple-mountain-hotel,shanghai,china
2300,radisson-hotel-pudong-century-park,shanghai,china
2301,radisson-hotel-shanghai-new-world,shanghai,china
2302,radisson-plaza-xing-guo,shanghai,china
2303,rainbow-hotel-shanghai,shanghai,china
2304,ramada-plaza-pudong,shanghai,china
2305,ramada-pudong-airport-hotel,shanghai,china
2306,ramada-zhabei,shanghai,china
2307,rayfont-shanghai-celebrity-hotel-apartment,shanghai,china
2308,regal-international-east-asia-hotel,shanghai,china
2309,regal-shanghai-east-asia-hotel,shanghai,china
2310,renaissance-shanghai-pudong,shanghai,china
2311,renaissance-shanghai-yuyuan-hotel,shanghai,china
2312,renaissance-shanghai-zhongshan-park-hotel,shanghai,china
2313,renaissance-yangtze-hotel,shanghai,china
2314,rendezvous-merry-hotel-shanghai,shanghai,china
2315,royalton-hotel-shanghai,shanghai,china
2316,ruijin-hotel,shanghai,china
2317,ruitai-jingan-hotel,shanghai,china
2318,salvo-hotel-zhongfu-shifuhui,shanghai,china
2319,san-want-hotel,shanghai,china
2320,shanghai-ever-sunshine-hotel,shanghai,china
2321,shanghai-hotel,shanghai,china
2322,shanghai-jc-mandarin,shanghai,china
2323,shanxi-business-hotel,shanghai,china
2324,sheraton-shanghai-hongqiao-hotel,shanghai,china
2325,sheraton-shanghai-hotel-residences-pudong,shanghai,china
2326,sofitel-shanghai-hyland,shanghai,china
2327,sofitel-shanghai-jin-jiang-oriental-pudong,shanghai,china
2328,st-regis-shanghai,shanghai,china
2329,sun-island-golf-hotspring-resort,shanghai,china
2330,swissotel-grand-shanghai,shanghai,china
2331,the-bund-hotel,shanghai,china
2332,the-bund-riverside-hotel,shanghai,china
2333,the-eton-hotel,shanghai,china
2334,the-longemont-shanghai,shanghai,china
2335,the-puli-hotel-and-spa,shanghai,china
2336,the-westin-bund-center,shanghai,china
2337,urbn-hotel,shanghai,china
2338,utels-shanghai-wuning,shanghai,china
2339,villas-1931-hotel-shanghai,shanghai,china
2340,yafan-longmen-hotel,shanghai,china
2341,zhao-an-hotel,shanghai,china
